# Crack ledger, grouped by batch. See hashes/overrides/README.md.
#: game-entity-sweep	GameEntity sweep leftovers; its class half merged as CommunityDragon/Data#35
#: pre-ledger-backlog	Predates the ledger; dates from git blame, method not recoverable
#: season16-modes-ui	16.9-16.14 exes + dumps: Monarch/Battlegrounds/TFT, ClientState, keybinds, Params*
#: vfx-driver-graph	IVfxBaseDriver graph; 16.13 exe MetaClass_register table, FNV-1a exact, no attested strings
#: gameplay-texture	A map-sized RGBA render target the game paints into during a match, one gameplay layer per texture channel. The engine spells the subsystem out: shader macros GAMEPLAY_TEXTURE / GAMEPLAY_TEXTURE_VS, a GameplayTextureDataStream, and ASSETS/Shaders/HLSL/GameplayTexture/PS_GAMEPLAY_TEXTURE.ps. Registration order pins each name to its slot, and the Sampler entries are handed straight to Material::AppendSamplerValue. Present in 16.15, no authored data yet.
#: map-graphics-unproven	Two map graphics finds where the hash is the only real evidence. Registration order narrows MapAntiAliasing to a MapA* name and its two U8 fields fit, but nothing in the client ever reads the class, so there is no behaviour to check the string against. RenderTargetSize is a U32 defaulting to 4096 on a class that is itself still unnamed. Plausible, not established - do not send upstream.
#: meta-delta-16.14	16.14 dump (7949266) delta vs 16.13: family templates (VfxPhysics<X>Modifier, <X>RigPoseModifierData, VfxEmission<X>) plus a Start/End shared-prefix pairing proof on DynamicsChainProperties; every hash re-checked for a mov edx,<hash> registrar site in the installed 16.15 client.
#: meta-delta-16.14-unproven	Same 16.14 sweep, names NOT established: WardSkin collides on 0x75895412 with HideRarity so the hash cannot choose between them; PropertyTraits names an empty interface with no structure to corroborate against; CollisionForce has no sibling or numeric support and is gone by 16.15. DO NOT submit upstream.
#: propertyloadable-ui	PropertyLoadable's UI tree. Names pinned by their slot in the client's registration order; UiComponent also shows up in shipped paths.

hash	table	name	batch	cracked	status	pr

# game-entity-sweep
2eddea64	binfields	AllowedSpells	game-entity-sweep	2026-07-20	pending	-
801b0cad	binfields	Buffs	game-entity-sweep	2026-07-20	pending	-
4310d45d	binfields	CasterRequirements	game-entity-sweep	2026-07-20	pending	-
d4db947d	binfields	ColorblindTexturePath	game-entity-sweep	2026-07-20	pending	-
363f1e09	binfields	CompletedItem	game-entity-sweep	2026-07-20	pending	-
55d13682	binfields	ConditionalElements	game-entity-sweep	2026-07-20	pending	-
0c247b0b	binfields	ConditionalScale	game-entity-sweep	2026-07-20	pending	-
38725935	binfields	ControlsScene	game-entity-sweep	2026-07-20	pending	-
9641b3c4	binfields	DefType	game-entity-sweep	2026-07-20	pending	-
f688ec43	binfields	DisabledOverlay	game-entity-sweep	2026-07-20	pending	-
f4019c2e	binfields	DisabledSubtext	game-entity-sweep	2026-07-20	pending	-
b3ddaeab	binfields	EquipTrakey	game-entity-sweep	2026-07-20	pending	-
a02b6406	binfields	FeaturesList	game-entity-sweep	2026-07-20	pending	-
0ccdd309	binfields	FilledTicks	game-entity-sweep	2026-07-20	pending	-
b99d8552	binfields	Format	game-entity-sweep	2026-07-20	pending	-
162f520d	binfields	GameplayRegion	game-entity-sweep	2026-07-20	pending	-
5ad3db8d	binfields	Groupings	game-entity-sweep	2026-07-20	pending	-
d5411c8f	binfields	Holder	game-entity-sweep	2026-07-20	pending	-
02a6ce85	binfields	IconsList	game-entity-sweep	2026-07-20	pending	-
f6e17fdc	binfields	InProgressIcon	game-entity-sweep	2026-07-20	pending	-
fbc9eeef	binfields	InSequence	game-entity-sweep	2026-07-20	pending	-
b606ece6	bintypes	IntConcept	game-entity-sweep	2026-07-20	pending	-
1fe7164e	binfields	InteractionTarget	game-entity-sweep	2026-07-20	pending	-
418af145	bintypes	IsBitSetCondition	game-entity-sweep	2026-07-20	pending	-
20fd5854	bintypes	IsInJungleBlock	game-entity-sweep	2026-07-20	pending	-
4644eb92	binfields	ItemCounts	game-entity-sweep	2026-07-20	pending	-
5307f5e1	binfields	KeybindSet	game-entity-sweep	2026-07-20	pending	-
82d6dcb0	binfields	Keybinds	game-entity-sweep	2026-07-20	pending	-
554b1325	binfields	LocKeys	game-entity-sweep	2026-07-20	pending	-
1e90bc62	bintypes	LocatorEntity	game-entity-sweep	2026-07-20	pending	-
9d021f61	bintypes	LolGameEntity	game-entity-sweep	2026-07-20	pending	-
ce96732e	binfields	MagicalDamageEnhanced	game-entity-sweep	2026-07-20	pending	-
22a237ce	binfields	MaximumRange	game-entity-sweep	2026-07-20	pending	-
377d1a73	binfields	MinScaleChange	game-entity-sweep	2026-07-20	pending	-
636f6a90	binfields	ModifiersGroup	game-entity-sweep	2026-07-20	pending	-
cee348f4	binfields	NamedTeams	game-entity-sweep	2026-07-20	pending	-
301dab05	bintypes	NavRegionDef	game-entity-sweep	2026-07-20	pending	-
b818e45a	binfields	OptionLayout	game-entity-sweep	2026-07-20	pending	-
2d4bc6e6	binfields	OutSequence	game-entity-sweep	2026-07-20	pending	-
5b2e77af	binfields	PropPath	game-entity-sweep	2026-07-20	pending	-
3f65fe98	binfields	RandomizeButton	game-entity-sweep	2026-07-20	pending	-
725d1942	binfields	RewardsGroup	game-entity-sweep	2026-07-20	pending	-
eac7c160	binfields	ScrollRegion	game-entity-sweep	2026-07-20	pending	-
e0ece3d9	binfields	SearchbarGroup	game-entity-sweep	2026-07-20	pending	-
8c61159d	binfields	SourcesList	game-entity-sweep	2026-07-20	pending	-
f5d0c797	binfields	StatLocalizations	game-entity-sweep	2026-07-20	pending	-
436cd370	binfields	StatTra	game-entity-sweep	2026-07-20	pending	-
a1832a8c	binfields	StatValue	game-entity-sweep	2026-07-20	pending	-
77f310ef	binfields	Statemachine	game-entity-sweep	2026-07-20	pending	-
cc6fee26	binfields	TeammateSpectator	game-entity-sweep	2026-07-20	pending	-
138a7d5f	binfields	TeamsConfig	game-entity-sweep	2026-07-20	pending	-
c44cfe37	binfields	TeamsLayout	game-entity-sweep	2026-07-20	pending	-
397d10d8	binfields	TiersLayout	game-entity-sweep	2026-07-20	pending	-
bcbc4216	bintypes	TimersViewController	game-entity-sweep	2026-07-20	pending	-
e8de69a5	binfields	TraName	game-entity-sweep	2026-07-20	pending	-

# pre-ledger-backlog
25a09a75	binfields	AbilityResourceSlot	pre-ledger-backlog	2026-07-20	pending	-
b3ec72b9	binfields	AbilityResourceType	pre-ledger-backlog	2026-07-20	pending	-
ee151102	binfields	ActionOnStart	pre-ledger-backlog	2026-07-20	pending	-
dad3f6bb	binfields	ActivateActions	pre-ledger-backlog	2026-07-20	pending	-
888d3a04	binfields	ActivateButton	pre-ledger-backlog	2026-07-20	pending	-
eb01e454	binfields	ActivationSfx	pre-ledger-backlog	2026-07-20	pending	-
74037860	binfields	ActivationThreshold	pre-ledger-backlog	2026-07-20	pending	-
6c8efc75	binfields	ActivationType	pre-ledger-backlog	2026-07-20	pending	-
96b1f469	binfields	ActiveBorder	pre-ledger-backlog	2026-07-20	pending	-
c26f983e	binfields	ActiveColor	pre-ledger-backlog	2026-07-20	pending	-
6d62bdb4	binfields	ActiveFrame	pre-ledger-backlog	2026-07-20	pending	-
d8b7cfd7	binfields	ActiveIcons	pre-ledger-backlog	2026-07-20	pending	-
9c767a76	binfields	ActiveMaterial	pre-ledger-backlog	2026-07-20	pending	-
2c41f9d3	binfields	ActivePing	pre-ledger-backlog	2026-07-20	pending	-
06d4a62e	binfields	ActiveTooltip	pre-ledger-backlog	2026-07-20	pending	-
8c4da8f8	binfields	ActiveTra	pre-ledger-backlog	2026-07-20	pending	-
e404f145	binfields	ActiveUi	pre-ledger-backlog	2026-07-20	pending	-
78811384	binfields	AdditionalData	pre-ledger-backlog	2026-07-20	pending	-
2920447a	binfields	AdditionalRotation	pre-ledger-backlog	2026-07-20	pending	-
c5b58261	binfields	AdditionalSettings	pre-ledger-backlog	2026-07-20	pending	-
ddb9d277	binfields	AdditionalStats	pre-ledger-backlog	2026-07-20	pending	-
79347a3f	binfields	AdditiveVfx	pre-ledger-backlog	2026-07-20	pending	-
199c85a4	binfields	AdditiveVfxs	pre-ledger-backlog	2026-07-20	pending	-
4ab787f3	binfields	AffectsStatus	pre-ledger-backlog	2026-07-20	pending	-
9a6a9339	binfields	AffectsType	pre-ledger-backlog	2026-07-20	pending	-
0be0de52	binfields	AlignX	pre-ledger-backlog	2026-07-20	pending	-
0ce0dfe5	binfields	AlignY	pre-ledger-backlog	2026-07-20	pending	-
dd85c53b	binfields	AliveMaterial	pre-ledger-backlog	2026-07-20	pending	-
e21f1d86	binfields	AllowEmitterRotation	pre-ledger-backlog	2026-07-20	pending	-
4cf24bd7	binfields	AllowInactive	pre-ledger-backlog	2026-07-20	pending	-
302afbcd	binfields	AllyIndex	pre-ledger-backlog	2026-07-20	pending	-
3360db7e	binfields	AlphaCutoff	pre-ledger-backlog	2026-07-20	pending	-
e630d0a5	binfields	AlphaOnly	pre-ledger-backlog	2026-07-20	pending	-
e9faf118	binfields	AlphaSliceRange	pre-ledger-backlog	2026-07-20	pending	-
2ff43743	binfields	AlternativeTooltip	pre-ledger-backlog	2026-07-20	pending	-
f090d2e7	bintypes	AnchorHierarchy	pre-ledger-backlog	2026-07-20	pending	-
696972ed	binfields	AnchorStrawberry	pre-ledger-backlog	2026-07-20	pending	-
1ccc919a	binfields	AnimatedTitle	pre-ledger-backlog	2026-07-20	pending	-
25fdb38f	binfields	AnimationConfig	pre-ledger-backlog	2026-07-20	pending	-
a7cdb46f	binfields	AnonymousTra	pre-ledger-backlog	2026-07-20	pending	-
f359eded	binfields	ArcElement	pre-ledger-backlog	2026-07-20	pending	-
84542686	binfields	Arrow	pre-ledger-backlog	2026-07-20	pending	-
372ea7c1	binfields	AssociatedTrait	pre-ledger-backlog	2026-07-20	pending	-
d631c93e	binfields	AtakhanIcon	pre-ledger-backlog	2026-07-20	pending	-
47dac7e3	binfields	AtakhanScore	pre-ledger-backlog	2026-07-20	pending	-
90fce2a4	binfields	AtakhanValue	pre-ledger-backlog	2026-07-20	pending	-
9ea6766d	binfields	AttachTo	pre-ledger-backlog	2026-07-20	pending	-
01e1cce2	bintypes	AttackableEntity	pre-ledger-backlog	2026-07-20	pending	-
9d9f60d2	bintypes	AttackableUnitDefinition	pre-ledger-backlog	2026-07-20	pending	-
55001320	binfields	AudioBanks	pre-ledger-backlog	2026-07-20	pending	-
9bfe08c0	binfields	AugmentList	pre-ledger-backlog	2026-07-20	pending	-
23433cc1	bintypes	AugmentModifier	pre-ledger-backlog	2026-07-20	pending	-
cce2113c	binfields	AugmentPillar	pre-ledger-backlog	2026-07-20	pending	-
2d96f463	binfields	AugmentRarities	pre-ledger-backlog	2026-07-20	pending	-
8eb174a9	binfields	AutoattackMode	pre-ledger-backlog	2026-07-20	pending	-
f85b5e9b	binfields	AutomaticallyStarts	pre-ledger-backlog	2026-07-20	pending	-
fd597a5a	binfields	AvailableStatus	pre-ledger-backlog	2026-07-20	pending	-
a1072a5e	binfields	BackgroundPath	pre-ledger-backlog	2026-07-20	pending	-
b8e42d01	binfields	BackgroundPos	pre-ledger-backlog	2026-07-20	pending	-
57e55d3c	binfields	BackgroundSpine	pre-ledger-backlog	2026-07-20	pending	-
e6dbf566	binfields	Backlight	pre-ledger-backlog	2026-07-20	pending	-
7d7eabcb	binfields	Backpack	pre-ledger-backlog	2026-07-20	pending	-
ca451de5	binfields	BannedAugments	pre-ledger-backlog	2026-07-20	pending	-
5d22440e	binfields	BannedCharacterRecords	pre-ledger-backlog	2026-07-20	pending	-
d47ce07c	binfields	BannerFrameData	pre-ledger-backlog	2026-07-20	pending	-
02f69cf6	binfields	BannerGroup	pre-ledger-backlog	2026-07-20	pending	-
232bdbbe	binfields	BannerIcon	pre-ledger-backlog	2026-07-20	pending	-
fde6a2d7	bintypes	BarracksDefinition	pre-ledger-backlog	2026-07-20	pending	-
71d0eabd	bintypes	BarracksEntity	pre-ledger-backlog	2026-07-20	pending	-
4397646b	binfields	BarracksProperty	pre-ledger-backlog	2026-07-20	pending	-
371f336e	binfields	BindInfo	pre-ledger-backlog	2026-07-20	pending	-
a1fa32f0	binfields	BirthRandomStartFrame	pre-ledger-backlog	2026-07-20	pending	-
cc2ddcc0	binfields	BlendData	pre-ledger-backlog	2026-07-20	pending	-
bceaaa2a	binfields	BlockButton	pre-ledger-backlog	2026-07-20	pending	-
c8c453d3	binfields	BoardButton	pre-ledger-backlog	2026-07-20	pending	-
7c666488	binfields	Boards	pre-ledger-backlog	2026-07-20	pending	-
d952d55b	bintypes	BoolConcept	pre-ledger-backlog	2026-07-20	pending	-
625b5b86	binfields	BorderColor	pre-ledger-backlog	2026-07-20	pending	-
2189347e	binfields	BorderGroup	pre-ledger-backlog	2026-07-20	pending	-
dbd3d5f3	binfields	BossCharacter	pre-ledger-backlog	2026-07-20	pending	-
f31c8cd4	binfields	BossData	pre-ledger-backlog	2026-07-20	pending	-
56b00b47	binfields	BossName	pre-ledger-backlog	2026-07-20	pending	-
893847cc	bintypes	BotComposition	pre-ledger-backlog	2026-07-20	pending	-
76ecf423	binfields	BotDifficultyLevel	pre-ledger-backlog	2026-07-20	pending	-
61c10808	binfields	BotspellTag	pre-ledger-backlog	2026-07-20	pending	-
5c83cddd	binfields	BottomGroup	pre-ledger-backlog	2026-07-20	pending	-
4154c75c	binfields	BoundsRegion	pre-ledger-backlog	2026-07-20	pending	-
ae8418d9	binfields	BountyGroup	pre-ledger-backlog	2026-07-20	pending	-
ba83bc27	binfields	BountyValue	pre-ledger-backlog	2026-07-20	pending	-
cf85d043	binfields	Buddies	pre-ledger-backlog	2026-07-20	pending	-
5e5ae1f7	binfields	BuddiesGrid	pre-ledger-backlog	2026-07-20	pending	-
ec2d0720	binfields	BuffCaster	pre-ledger-backlog	2026-07-20	pending	-
b3a67af3	binfields	BuffCount	pre-ledger-backlog	2026-07-20	pending	-
6ce00bf0	binfields	BuffCounter	pre-ledger-backlog	2026-07-20	pending	-
d6b6109c	binfields	BuffLink	pre-ledger-backlog	2026-07-20	pending	-
d21ec815	binfields	BuffTarget	pre-ledger-backlog	2026-07-20	pending	-
885aa2aa	binfields	BuffVars	pre-ledger-backlog	2026-07-20	pending	-
f61e9624	binfields	ButtonTarget	pre-ledger-backlog	2026-07-20	pending	-
6166b756	binfields	Calculation	pre-ledger-backlog	2026-07-20	pending	-
dabb5d78	binfields	CameraDamping	pre-ledger-backlog	2026-07-20	pending	-
e1fb2076	binfields	CameraMass	pre-ledger-backlog	2026-07-20	pending	-
41dfbe54	binfields	CameraPos	pre-ledger-backlog	2026-07-20	pending	-
4e3b1910	binfields	CameraRes	pre-ledger-backlog	2026-07-20	pending	-
480698c7	binfields	CameraStiffness	pre-ledger-backlog	2026-07-20	pending	-
5793fe9f	binfields	CameraUpdater	pre-ledger-backlog	2026-07-20	pending	-
56215037	binfields	CardRegion	pre-ledger-backlog	2026-07-20	pending	-
7aef16a8	binfields	Caret	pre-ledger-backlog	2026-07-20	pending	-
c62ec87b	binfields	CaretOffset	pre-ledger-backlog	2026-07-20	pending	-
a3dafbbb	binfields	CarouselButton	pre-ledger-backlog	2026-07-20	pending	-
9165a7c4	binfields	CastAction	pre-ledger-backlog	2026-07-20	pending	-
03bd33b1	binfields	CastE	pre-ledger-backlog	2026-07-20	pending	-
00bd2ef8	binfields	CastF	pre-ledger-backlog	2026-07-20	pending	-
9541ad14	binfields	CastItem1	pre-ledger-backlog	2026-07-20	pending	-
9841b1cd	binfields	CastItem2	pre-ledger-backlog	2026-07-20	pending	-
9741b03a	binfields	CastItem3	pre-ledger-backlog	2026-07-20	pending	-
9241a85b	binfields	CastItem4	pre-ledger-backlog	2026-07-20	pending	-
9141a6c8	binfields	CastItem5	pre-ledger-backlog	2026-07-20	pending	-
9441ab81	binfields	CastItem6	pre-ledger-backlog	2026-07-20	pending	-
14bd4e74	binfields	CastR	pre-ledger-backlog	2026-07-20	pending	-
591f8423	binfields	CastRangeOverride	pre-ledger-backlog	2026-07-20	pending	-
bd509cb6	binfields	CastRequirements	pre-ledger-backlog	2026-07-20	pending	-
e7e90aee	binfields	CastShadow	pre-ledger-backlog	2026-07-20	pending	-
3a3c1fee	binfields	CastType	pre-ledger-backlog	2026-07-20	pending	-
11bd49bb	binfields	CastW	pre-ledger-backlog	2026-07-20	pending	-
1558b9d3	binfields	CenterText	pre-ledger-backlog	2026-07-20	pending	-
65b78965	binfields	CeremonyLink	pre-ledger-backlog	2026-07-20	pending	-
093b1be1	bintypes	ChampionSpec	pre-ledger-backlog	2026-07-20	pending	-
4f0e44f5	binfields	ChampionsLayout	pre-ledger-backlog	2026-07-20	pending	-
04681146	binfields	ChaosSequence	pre-ledger-backlog	2026-07-20	pending	-
3f1ae9da	bintypes	CharacterMeshEntity	pre-ledger-backlog	2026-07-20	pending	-
b3b78034	bintypes	CharacterMeshGeComponent	pre-ledger-backlog	2026-07-20	pending	-
13a1bb9a	binfields	CharacterProbe	pre-ledger-backlog	2026-07-20	pending	-
9bc68be3	binfields	ChatRegion	pre-ledger-backlog	2026-07-20	pending	-
928eb9b4	binfields	CheatList	pre-ledger-backlog	2026-07-20	pending	-
d1519ad2	binfields	CheckMark	pre-ledger-backlog	2026-07-20	pending	-
1418c47f	binfields	Chroma	pre-ledger-backlog	2026-07-20	pending	-
c3a944e7	binfields	ChromaData	pre-ledger-backlog	2026-07-20	pending	-
debd7dbe	binfields	ClientData	pre-ledger-backlog	2026-07-20	pending	-
671bdc8d	bintypes	ClientScript	pre-ledger-backlog	2026-07-20	pending	-
e6f743fc	binfields	ClippingGuard	pre-ledger-backlog	2026-07-20	pending	-
72729cf8	binfields	ClockDefinition	pre-ledger-backlog	2026-07-20	pending	-
8d57d389	binfields	ClosedPing	pre-ledger-backlog	2026-07-20	pending	-
3c475337	binfields	ClosestDistance	pre-ledger-backlog	2026-07-20	pending	-
5b49a915	bintypes	ClosestTarget	pre-ledger-backlog	2026-07-20	pending	-
eb8dc96c	binfields	Coc	pre-ledger-backlog	2026-07-20	pending	-
bf957944	bintypes	ColorGet	pre-ledger-backlog	2026-07-20	pending	-
095a8cab	binfields	ColorScales	pre-ledger-backlog	2026-07-20	pending	-
a74bc193	binfields	ColorTexture	pre-ledger-backlog	2026-07-20	pending	-
c170f95e	binfields	ColumnCount	pre-ledger-backlog	2026-07-20	pending	-
4e748038	binfields	CombatGroup	pre-ledger-backlog	2026-07-20	pending	-
a2e2709c	binfields	CommandFinisherAnimation	pre-ledger-backlog	2026-07-20	pending	-
6173f330	binfields	CommonLoadable	pre-ledger-backlog	2026-07-20	pending	-
21c740af	bintypes	CommonScript	pre-ledger-backlog	2026-07-20	pending	-
8760c87a	binfields	CompareUnit	pre-ledger-backlog	2026-07-20	pending	-
b7a1ea38	binfields	CompleteBorder	pre-ledger-backlog	2026-07-20	pending	-
d77ad395	binfields	CompleteColor	pre-ledger-backlog	2026-07-20	pending	-
6b8663cf	binfields	CompleteIcon	pre-ledger-backlog	2026-07-20	pending	-
5efd6ee0	binfields	Component	pre-ledger-backlog	2026-07-20	pending	-
49412a59	binfields	ComponentOverrides	pre-ledger-backlog	2026-07-20	pending	-
d1edd5db	binfields	Comps	pre-ledger-backlog	2026-07-20	pending	-
a3383d13	binfields	Concept	pre-ledger-backlog	2026-07-20	pending	-
8d51331e	bintypes	ConceptBase	pre-ledger-backlog	2026-07-20	pending	-
7c8a1308	binfields	ConceptObject	pre-ledger-backlog	2026-07-20	pending	-
9eb3235e	binfields	ConditionData	pre-ledger-backlog	2026-07-20	pending	-
0e13846e	binfields	ConditionOperator	pre-ledger-backlog	2026-07-20	pending	-
11ca9f3d	binfields	ConnectedNodes	pre-ledger-backlog	2026-07-20	pending	-
6152a19f	binfields	ContentTypeIcon	pre-ledger-backlog	2026-07-20	pending	-
137bf219	binfields	ContentTypeText	pre-ledger-backlog	2026-07-20	pending	-
f34f5793	binfields	ContinueText	pre-ledger-backlog	2026-07-20	pending	-
89ba4a26	binfields	ControlSet	pre-ledger-backlog	2026-07-20	pending	-
65cd1e65	binfields	ControlVector2	pre-ledger-backlog	2026-07-20	pending	-
642004df	binfields	CooldownMessage	pre-ledger-backlog	2026-07-20	pending	-
ea13124a	binfields	CooldownStatus	pre-ledger-backlog	2026-07-20	pending	-
f31321aa	binfields	CosmeticDuration	pre-ledger-backlog	2026-07-20	pending	-
eaefb0c9	binfields	CostIcon	pre-ledger-backlog	2026-07-20	pending	-
70fa4e8c	binfields	CraftIcon	pre-ledger-backlog	2026-07-20	pending	-
d58eab1d	binfields	CrestUp	pre-ledger-backlog	2026-07-20	pending	-
5e2da6e3	binfields	CurrencyIcon	pre-ledger-backlog	2026-07-20	pending	-
d0596065	binfields	CurrencyText	pre-ledger-backlog	2026-07-20	pending	-
1475bab7	binfields	CurrencyValue	pre-ledger-backlog	2026-07-20	pending	-
e25f9f09	binfields	CurrentCamera	pre-ledger-backlog	2026-07-20	pending	-
a413accd	binfields	CurrentGroup	pre-ledger-backlog	2026-07-20	pending	-
0a93f677	binfields	CurrentIcon	pre-ledger-backlog	2026-07-20	pending	-
996a8f3f	binfields	CurrentLevelText	pre-ledger-backlog	2026-07-20	pending	-
a09e1bbf	binfields	CurrentPip	pre-ledger-backlog	2026-07-20	pending	-
e23ce27f	binfields	CurrentSeason	pre-ledger-backlog	2026-07-20	pending	-
69b0a839	binfields	CustomDropRate	pre-ledger-backlog	2026-07-20	pending	-
ec8e071a	bintypes	CustomGet	pre-ledger-backlog	2026-07-20	pending	-
629094b5	binfields	CustomTooltip	pre-ledger-backlog	2026-07-20	pending	-
c70f6a1e	binfields	DailyLoginViewController	pre-ledger-backlog	2026-07-20	pending	-
3c0023cb	binfields	DamageOvertime	pre-ledger-backlog	2026-07-20	pending	-
0ea3d3f5	binfields	DamagePrediction	pre-ledger-backlog	2026-07-20	pending	-
137cf12a	binfields	DataValue	pre-ledger-backlog	2026-07-20	pending	-
9ad0961e	binfields	Dates	pre-ledger-backlog	2026-07-20	pending	-
e44f21fd	binfields	Day	pre-ledger-backlog	2026-07-20	pending	-
f9e90ffe	binfields	DeadMaterial	pre-ledger-backlog	2026-07-20	pending	-
b612fe95	binfields	DeadzoneMagnitude	pre-ledger-backlog	2026-07-20	pending	-
a525bc7a	binfields	DeadzonePercent	pre-ledger-backlog	2026-07-20	pending	-
03c4be95	bintypes	DeathHelper	pre-ledger-backlog	2026-07-20	pending	-
b1edf879	bintypes	DeathRecapTeammateSpectator	pre-ledger-backlog	2026-07-20	pending	-
c5597e8c	binfields	Def	pre-ledger-backlog	2026-07-20	pending	-
9a676645	binfields	DefaultAugment	pre-ledger-backlog	2026-07-20	pending	-
012c1bc1	binfields	DefaultColor	pre-ledger-backlog	2026-07-20	pending	-
9b9a3c69	binfields	DefaultDescriptions	pre-ledger-backlog	2026-07-20	pending	-
307d1fb1	binfields	DefaultGain	pre-ledger-backlog	2026-07-20	pending	-
4b9489d8	binfields	DefaultIcons	pre-ledger-backlog	2026-07-20	pending	-
3f074682	binfields	DefaultInput	pre-ledger-backlog	2026-07-20	pending	-
7c29b357	binfields	DefaultOutput	pre-ledger-backlog	2026-07-20	pending	-
1bdade49	binfields	DefaultPlayerInventory	pre-ledger-backlog	2026-07-20	pending	-
4fc07890	binfields	DefaultSkinName	pre-ledger-backlog	2026-07-20	pending	-
2f6cd7a5	binfields	DefaultTooltip	pre-ledger-backlog	2026-07-20	pending	-
1ff99d7f	binfields	DefaultTra	pre-ledger-backlog	2026-07-20	pending	-
17f82fb1	binfields	DelayTime	pre-ledger-backlog	2026-07-20	pending	-
d23c9e02	binfields	DepthFog	pre-ledger-backlog	2026-07-20	pending	-
4d87c515	binfields	DepthFogColor	pre-ledger-backlog	2026-07-20	pending	-
456d362f	binfields	DepthFogEnd	pre-ledger-backlog	2026-07-20	pending	-
a6ce8c9a	binfields	DepthFogStart	pre-ledger-backlog	2026-07-20	pending	-
2afda2ce	binfields	DescriptionFooter	pre-ledger-backlog	2026-07-20	pending	-
3b7aa707	binfields	DescriptionLong	pre-ledger-backlog	2026-07-20	pending	-
c19c58be	binfields	DescriptionOverrides	pre-ledger-backlog	2026-07-20	pending	-
bff2f361	binfields	DescriptionShort	pre-ledger-backlog	2026-07-20	pending	-
67e380d5	binfields	DesignerProperty	pre-ledger-backlog	2026-07-20	pending	-
1a01f930	binfields	DetailedIcon	pre-ledger-backlog	2026-07-20	pending	-
4a255f53	binfields	DetailedScene	pre-ledger-backlog	2026-07-20	pending	-
09cfdcf0	binfields	Difficulty	pre-ledger-backlog	2026-07-20	pending	-
4756c3d8	binfields	DifficultyData	pre-ledger-backlog	2026-07-20	pending	-
fdf1d536	binfields	DifficultyLevel	pre-ledger-backlog	2026-07-20	pending	-
a6e992c8	bintypes	DirectionReleases	pre-ledger-backlog	2026-07-20	pending	-
827aac32	binfields	DisableFogOfWar	pre-ledger-backlog	2026-07-20	pending	-
97812f3b	binfields	DisableThrottle	pre-ledger-backlog	2026-07-20	pending	-
77cff90e	binfields	DisplayCondition	pre-ledger-backlog	2026-07-20	pending	-
9b5df0d5	binfields	DisplayData	pre-ledger-backlog	2026-07-20	pending	-
fb3055fc	binfields	DisplayFlags	pre-ledger-backlog	2026-07-20	pending	-
5f22a7f6	binfields	DisplayNameOverride	pre-ledger-backlog	2026-07-20	pending	-
fba5b4cd	binfields	DistanceThreshold	pre-ledger-backlog	2026-07-20	pending	-
72a9c287	binfields	DistributionWeight	pre-ledger-backlog	2026-07-20	pending	-
3a568777	binfields	DividerTra	pre-ledger-backlog	2026-07-20	pending	-
11784e5b	binfields	DivisionUp	pre-ledger-backlog	2026-07-20	pending	-
e568bb76	binfields	Dof	pre-ledger-backlog	2026-07-20	pending	-
9b8085f1	binfields	DofDebug	pre-ledger-backlog	2026-07-20	pending	-
cc492242	binfields	DoubleActive	pre-ledger-backlog	2026-07-20	pending	-
64761191	binfields	DoubleCompleted	pre-ledger-backlog	2026-07-20	pending	-
bd63565e	binfields	DoubleLocked	pre-ledger-backlog	2026-07-20	pending	-
8e2e1f5e	binfields	DropRateButton	pre-ledger-backlog	2026-07-20	pending	-
ea4b69c5	binfields	DuplicateText	pre-ledger-backlog	2026-07-20	pending	-
af128762	binfields	DurationSeconds	pre-ledger-backlog	2026-07-20	pending	-
9561c6b3	binfields	EarlyComp	pre-ledger-backlog	2026-07-20	pending	-
8e97ff30	binfields	EasingData	pre-ledger-backlog	2026-07-20	pending	-
4e7c6b11	binfields	EffectColor0	pre-ledger-backlog	2026-07-20	pending	-
4d7c697e	binfields	EffectColor1	pre-ledger-backlog	2026-07-20	pending	-
f6fd1c96	bintypes	EffectCustomMaterialData	pre-ledger-backlog	2026-07-20	pending	-
39a1c5e5	binfields	ElapsedTimeColor	pre-ledger-backlog	2026-07-20	pending	-
ec5a120e	binfields	ElementCount	pre-ledger-backlog	2026-07-20	pending	-
f8ee7183	binfields	ElementEnter	pre-ledger-backlog	2026-07-20	pending	-
17d6be37	binfields	ElementExit	pre-ledger-backlog	2026-07-20	pending	-
6971d77f	binfields	ElementList	pre-ledger-backlog	2026-07-20	pending	-
de03ac0a	binfields	EmblemIcon	pre-ledger-backlog	2026-07-20	pending	-
f92d1cec	binfields	EmoteDirection	pre-ledger-backlog	2026-07-20	pending	-
713db564	binfields	EmoteItem	pre-ledger-backlog	2026-07-20	pending	-
51ada002	bintypes	EmoteModifier	pre-ledger-backlog	2026-07-20	pending	-
bcd3fffb	binfields	EmoteType	pre-ledger-backlog	2026-07-20	pending	-
74adca0b	binfields	EmptyIcon	pre-ledger-backlog	2026-07-20	pending	-
29d7590a	binfields	EmptyTexturePath	pre-ledger-backlog	2026-07-20	pending	-
2bb40018	binfields	EmptyTicks	pre-ledger-backlog	2026-07-20	pending	-
08dad7b8	binfields	EnableEncounters	pre-ledger-backlog	2026-07-20	pending	-
c4936408	bintypes	EnableNever	pre-ledger-backlog	2026-07-20	pending	-
4142edcd	bintypes	EnableWhenAll	pre-ledger-backlog	2026-07-20	pending	-
a0b12922	binfields	EncounterButton	pre-ledger-backlog	2026-07-20	pending	-
c67a7d17	binfields	EncounterIcon	pre-ledger-backlog	2026-07-20	pending	-
63508947	binfields	EncounterNumber	pre-ledger-backlog	2026-07-20	pending	-
b3110c3d	binfields	EndColor	pre-ledger-backlog	2026-07-20	pending	-
9d636613	binfields	EndDegrees	pre-ledger-backlog	2026-07-20	pending	-
dffa5e65	binfields	EndDivision	pre-ledger-backlog	2026-07-20	pending	-
deaaf4b8	binfields	EndFloat	pre-ledger-backlog	2026-07-20	pending	-
762dd179	binfields	EndLocation	pre-ledger-backlog	2026-07-20	pending	-
af7d7ce0	binfields	EndScale	pre-ledger-backlog	2026-07-20	pending	-
6837c753	binfields	EndValue	pre-ledger-backlog	2026-07-20	pending	-
1f4223e1	binfields	EndVector	pre-ledger-backlog	2026-07-20	pending	-
b5cc1f9b	binfields	EnemyCompanion	pre-ledger-backlog	2026-07-20	pending	-
a5e2e84f	binfields	EnemyDamageSkin	pre-ledger-backlog	2026-07-20	pending	-
047483a1	binfields	EnemyLayout	pre-ledger-backlog	2026-07-20	pending	-
a159f8ea	binfields	EnemyMapSkin	pre-ledger-backlog	2026-07-20	pending	-
8a3fc6eb	binfields	EntityDefinition	pre-ledger-backlog	2026-07-20	pending	-
4a22b647	binfields	EntityInputs	pre-ledger-backlog	2026-07-20	pending	-
78e42784	bintypes	EntityPolygonData	pre-ledger-backlog	2026-07-20	pending	-
989015d3	binfields	EntityRef	pre-ledger-backlog	2026-07-20	pending	-
48ebb2cf	bintypes	EntityState	pre-ledger-backlog	2026-07-20	pending	-
21015269	bintypes	EnvironmentEntity	pre-ledger-backlog	2026-07-20	pending	-
0329cc30	binfields	Equipped	pre-ledger-backlog	2026-07-20	pending	-
221758ae	binfields	EquippedBorder	pre-ledger-backlog	2026-07-20	pending	-
352afac6	binfields	EquippedBuffs	pre-ledger-backlog	2026-07-20	pending	-
d0547d28	binfields	EquippedTrakey	pre-ledger-backlog	2026-07-20	pending	-
f701308d	binfields	ErrorDescriptionTraKey	pre-ledger-backlog	2026-07-20	pending	-
feb06968	binfields	ErrorGroup	pre-ledger-backlog	2026-07-20	pending	-
7f4e86a0	binfields	ErrorTexture	pre-ledger-backlog	2026-07-20	pending	-
d3eab8e5	binfields	EventCarousel	pre-ledger-backlog	2026-07-20	pending	-
d3eab8e5	bintypes	EventCarousel	pre-ledger-backlog	2026-07-20	pending	-
dcf1a165	binfields	EventMapIndex	pre-ledger-backlog	2026-07-20	pending	-
81ba3772	binfields	EventPrompts	pre-ledger-backlog	2026-07-20	pending	-
5950d0c5	binfields	EventSet	pre-ledger-backlog	2026-07-20	pending	-
9f56fb21	binfields	ExchangeIcon	pre-ledger-backlog	2026-07-20	pending	-
e40347b4	binfields	ExcludeTags	pre-ledger-backlog	2026-07-20	pending	-
a01e3d98	binfields	Execute	pre-ledger-backlog	2026-07-20	pending	-
c1be745d	binfields	ExecuteBar	pre-ledger-backlog	2026-07-20	pending	-
0777a7af	binfields	ExpBonus	pre-ledger-backlog	2026-07-20	pending	-
1dc91264	binfields	ExpUpgrade	pre-ledger-backlog	2026-07-20	pending	-
5c8ff3a6	binfields	Factor	pre-ledger-backlog	2026-07-20	pending	-
aae9bc5e	binfields	FailTra	pre-ledger-backlog	2026-07-20	pending	-
64c2cb47	binfields	FailureOverlay	pre-ledger-backlog	2026-07-20	pending	-
0f9ec900	binfields	FalloffEasingType	pre-ledger-backlog	2026-07-20	pending	-
1b41c046	binfields	FalloffPower	pre-ledger-backlog	2026-07-20	pending	-
caa773b3	binfields	FalloffRadius	pre-ledger-backlog	2026-07-20	pending	-
101918e3	binfields	FalloffTexturePath	pre-ledger-backlog	2026-07-20	pending	-
27ee9af9	binfields	FavoriteButton	pre-ledger-backlog	2026-07-20	pending	-
155cac23	binfields	FeatsEvents	pre-ledger-backlog	2026-07-20	pending	-
6faf0b56	binfields	FeatsTracker	pre-ledger-backlog	2026-07-20	pending	-
de07f33b	bintypes	FeatsViewController	pre-ledger-backlog	2026-07-20	pending	-
99a12b95	binfields	FeatureType	pre-ledger-backlog	2026-07-20	pending	-
630b9e09	binfields	FightDuration	pre-ledger-backlog	2026-07-20	pending	-
a9a04dd9	binfields	FillIcon	pre-ledger-backlog	2026-07-20	pending	-
2c24fe60	binfields	FillPriority	pre-ledger-backlog	2026-07-20	pending	-
11292cca	binfields	FillVolume	pre-ledger-backlog	2026-07-20	pending	-
815aaee7	binfields	FilterButton	pre-ledger-backlog	2026-07-20	pending	-
f2c9b3be	binfields	FilterGroup	pre-ledger-backlog	2026-07-20	pending	-
d4e4979c	binfields	FilternameTraKey	pre-ledger-backlog	2026-07-20	pending	-
8c9d99d3	bintypes	FloatConcept	pre-ledger-backlog	2026-07-20	pending	-
e3fdb170	binfields	FlowId	pre-ledger-backlog	2026-07-20	pending	-
f1a61846	binfields	FormIcon	pre-ledger-backlog	2026-07-20	pending	-
146fb80f	binfields	FrameButtons	pre-ledger-backlog	2026-07-20	pending	-
20607eb7	binfields	FromAnyone	pre-ledger-backlog	2026-07-20	pending	-
8c54e274	binfields	FunctionInputs	pre-ledger-backlog	2026-07-20	pending	-
de888209	binfields	FunctionOutputs	pre-ledger-backlog	2026-07-20	pending	-
519f6794	bintypes	GameEntityOnActivate	pre-ledger-backlog	2026-07-20	pending	-
edd5a857	bintypes	GameEntityOnDeactivate	pre-ledger-backlog	2026-07-20	pending	-
47e340fa	bintypes	GameEntityOnEnterAlive	pre-ledger-backlog	2026-07-20	pending	-
9c8e09ba	bintypes	GameEntityOnExitAlive	pre-ledger-backlog	2026-07-20	pending	-
66b08b77	bintypes	GameEntityOnInit	pre-ledger-backlog	2026-07-20	pending	-
deb252e8	bintypes	GameEntityOnUpdate	pre-ledger-backlog	2026-07-20	pending	-
520cfbb9	binfields	GameModeAssets	pre-ledger-backlog	2026-07-20	pending	-
bfe15a6a	binfields	GameModeTemplate	pre-ledger-backlog	2026-07-20	pending	-
b4873916	binfields	GameTime	pre-ledger-backlog	2026-07-20	pending	-
fcb92181	bintypes	GamemodeDefinition	pre-ledger-backlog	2026-07-20	pending	-
8fc31a1b	bintypes	GamemodeEntity	pre-ledger-backlog	2026-07-20	pending	-
19752079	binfields	GeometryType	pre-ledger-backlog	2026-07-20	pending	-
b9b4d8d7	binfields	GoldAmount	pre-ledger-backlog	2026-07-20	pending	-
db0e9d5b	binfields	GoldMax	pre-ledger-backlog	2026-07-20	pending	-
b5a4f01e	binfields	GoldThreshold	pre-ledger-backlog	2026-07-20	pending	-
234f4a0c	binfields	GoldToNextLevelTra	pre-ledger-backlog	2026-07-20	pending	-
726ae049	binfields	GoldUpgrade	pre-ledger-backlog	2026-07-20	pending	-
3aaf5ccb	binfields	GridX	pre-ledger-backlog	2026-07-20	pending	-
39af5b38	binfields	GridY	pre-ledger-backlog	2026-07-20	pending	-
1ad36bf4	binfields	GroupElement	pre-ledger-backlog	2026-07-20	pending	-
fc51c324	binfields	GroupHelper	pre-ledger-backlog	2026-07-20	pending	-
03e58e16	binfields	GroupTemplate	pre-ledger-backlog	2026-07-20	pending	-
ed0c3757	binfields	H	pre-ledger-backlog	2026-07-20	pending	-
c2aa4bfd	binfields	HeaderImage	pre-ledger-backlog	2026-07-20	pending	-
91cef9f4	binfields	HealthbarBackground	pre-ledger-backlog	2026-07-20	pending	-
bae18fd9	binfields	Healthbars	pre-ledger-backlog	2026-07-20	pending	-
32006fba	binfields	HeightFog	pre-ledger-backlog	2026-07-20	pending	-
b0d4508d	binfields	HeightFogColor	pre-ledger-backlog	2026-07-20	pending	-
2188a687	binfields	HeightFogEnd	pre-ledger-backlog	2026-07-20	pending	-
8e731442	binfields	HeightFogStart	pre-ledger-backlog	2026-07-20	pending	-
9e6ab7fa	binfields	Helpers	pre-ledger-backlog	2026-07-20	pending	-
949cfb4a	binfields	HighlightedTrait	pre-ledger-backlog	2026-07-20	pending	-
eb6c72dd	binfields	HitTexture	pre-ledger-backlog	2026-07-20	pending	-
00fbeff0	binfields	HoldType	pre-ledger-backlog	2026-07-20	pending	-
ba92cb0e	binfields	HoverFrame	pre-ledger-backlog	2026-07-20	pending	-
49246df0	binfields	HubTexturePath	pre-ledger-backlog	2026-07-20	pending	-
633137b6	binfields	HubTimerText	pre-ledger-backlog	2026-07-20	pending	-
cd27a573	binfields	HudIcon	pre-ledger-backlog	2026-07-20	pending	-
46905b86	binfields	HudScene	pre-ledger-backlog	2026-07-20	pending	-
bbd667ce	binfields	HudVfx	pre-ledger-backlog	2026-07-20	pending	-
2f910682	bintypes	IChromaData	pre-ledger-backlog	2026-07-20	pending	-
6630fcec	bintypes	IClientBlock	pre-ledger-backlog	2026-07-20	pending	-
ea87b2b3	bintypes	IClockDefinition	pre-ledger-backlog	2026-07-20	pending	-
ba72e3df	bintypes	IClockProvider	pre-ledger-backlog	2026-07-20	pending	-
ee2395e5	bintypes	IColorGet	pre-ledger-backlog	2026-07-20	pending	-
01375d0b	bintypes	IComponentData	pre-ledger-backlog	2026-07-20	pending	-
83eae5d9	bintypes	ICustomGet	pre-ledger-backlog	2026-07-20	pending	-
3ff050d9	bintypes	IEntityGet	pre-ledger-backlog	2026-07-20	pending	-
5ba190cc	bintypes	IKeyBind	pre-ledger-backlog	2026-07-20	pending	-
0f12869d	bintypes	IMapGroup	pre-ledger-backlog	2026-07-20	pending	-
35cff9f4	bintypes	IMonarchAction	pre-ledger-backlog	2026-07-20	local	-
9f6bccee	bintypes	IMonarchKeybind	pre-ledger-backlog	2026-07-20	local	-
c56dc33d	bintypes	IPathGet	pre-ledger-backlog	2026-07-20	pending	-
f3818a3f	bintypes	ISegmentGet	pre-ledger-backlog	2026-07-20	pending	-
309738e5	bintypes	ITeam	pre-ledger-backlog	2026-07-20	pending	-
702ab00b	bintypes	ITftItemfilter	pre-ledger-backlog	2026-07-20	pending	-
acc5c631	bintypes	ITimerController	pre-ledger-backlog	2026-07-20	pending	-
c6674208	bintypes	ITimerView	pre-ledger-backlog	2026-07-20	pending	-
49e845fb	bintypes	IUiBlock	pre-ledger-backlog	2026-07-20	pending	-
b3499e6f	bintypes	IUiElementIGet	pre-ledger-backlog	2026-07-20	pending	-
54d18cd8	binfields	IconData	pre-ledger-backlog	2026-07-20	pending	-
33c6fd60	binfields	IconHelper	pre-ledger-backlog	2026-07-20	pending	-
af0087eb	binfields	IconLibrary	pre-ledger-backlog	2026-07-20	pending	-
625013d9	binfields	IconProperty	pre-ledger-backlog	2026-07-20	pending	-
8275f0d1	binfields	IconTypes	pre-ledger-backlog	2026-07-20	pending	-
c301cf93	binfields	Idle	pre-ledger-backlog	2026-07-20	pending	-
f1a8065e	binfields	IdleBuff	pre-ledger-backlog	2026-07-20	pending	-
059e86a1	binfields	IdleUi	pre-ledger-backlog	2026-07-20	pending	-
6ff00c07	binfields	IgnoreSnapCameraOnRespawn	pre-ledger-backlog	2026-07-20	pending	-
d1d746ab	binfields	Images	pre-ledger-backlog	2026-07-20	pending	-
4191b710	binfields	ImportButton	pre-ledger-backlog	2026-07-20	pending	-
a59d8bc6	binfields	InactiveBorder	pre-ledger-backlog	2026-07-20	pending	-
64f7e0ef	binfields	InactiveColor	pre-ledger-backlog	2026-07-20	pending	-
bc6e5ae5	binfields	InactiveFrame	pre-ledger-backlog	2026-07-20	pending	-
2cf4d973	binfields	InactiveTooltip	pre-ledger-backlog	2026-07-20	pending	-
895ffcd9	binfields	InactiveTra	pre-ledger-backlog	2026-07-20	pending	-
cfdb2d7c	binfields	Includes	pre-ledger-backlog	2026-07-20	pending	-
0ba6f538	binfields	IncompleteColor	pre-ledger-backlog	2026-07-20	pending	-
3812e73e	binfields	Increment	pre-ledger-backlog	2026-07-20	pending	-
1d2e3b42	binfields	InitialColor	pre-ledger-backlog	2026-07-20	pending	-
193b8a8a	binfields	InitialFramerate	pre-ledger-backlog	2026-07-20	pending	-
16037af4	binfields	InitialState	pre-ledger-backlog	2026-07-20	pending	-
1d6b0e07	binfields	InitialUvoffset	pre-ledger-backlog	2026-07-20	pending	-
0fd2cf85	binfields	InnateGrouping	pre-ledger-backlog	2026-07-20	pending	-
e4ecb00c	binfields	InputCondition	pre-ledger-backlog	2026-07-20	pending	-
f248d989	binfields	InputEvent	pre-ledger-backlog	2026-07-20	pending	-
0214e671	binfields	InputParams	pre-ledger-backlog	2026-07-20	pending	-
ee26c73f	binfields	InstanceVariables	pre-ledger-backlog	2026-07-20	pending	-
c14a25ae	binfields	InteractDef	pre-ledger-backlog	2026-07-20	pending	-
87c66597	binfields	InteractPriority	pre-ledger-backlog	2026-07-20	pending	-
fc67d839	binfields	IntroAnimation	pre-ledger-backlog	2026-07-20	pending	-
c2079a3f	binfields	IntroLoop	pre-ledger-backlog	2026-07-20	pending	-
ea4aa27c	binfields	IntroSequence	pre-ledger-backlog	2026-07-20	pending	-
f554980c	binfields	InventorySlotlinks	pre-ledger-backlog	2026-07-20	pending	-
8a0ba5dd	binfields	InventoryTemplate	pre-ledger-backlog	2026-07-20	pending	-
fd36c650	binfields	InvertResult	pre-ledger-backlog	2026-07-20	pending	-
8a07caf5	binfields	InvulnerableGroup	pre-ledger-backlog	2026-07-20	pending	-
863f1f6f	binfields	InvulnerableIcon	pre-ledger-backlog	2026-07-20	pending	-
7a9d64ea	binfields	IsAutoAttackOverride	pre-ledger-backlog	2026-07-20	pending	-
808fcd61	binfields	IsButton	pre-ledger-backlog	2026-07-20	pending	-
68309c0b	binfields	IsExclusive	pre-ledger-backlog	2026-07-20	pending	-
66d660db	binfields	IsOverflow	pre-ledger-backlog	2026-07-20	pending	-
fcea40c4	binfields	IsOwner	pre-ledger-backlog	2026-07-20	pending	-
086f3c70	binfields	IsReplicated	pre-ledger-backlog	2026-07-20	pending	-
dfefe716	binfields	IsUnique	pre-ledger-backlog	2026-07-20	pending	-
a1456915	binfields	ItemCount	pre-ledger-backlog	2026-07-20	pending	-
cc0e6fee	binfields	ItemCountText	pre-ledger-backlog	2026-07-20	pending	-
a88e4d4d	binfields	ItemDef	pre-ledger-backlog	2026-07-20	pending	-
c27d6478	binfields	ItemDescription	pre-ledger-backlog	2026-07-20	pending	-
c14326e0	binfields	ItemFilter	pre-ledger-backlog	2026-07-20	pending	-
4f958685	binfields	ItemIdAlias	pre-ledger-backlog	2026-07-20	pending	-
e917e5c0	binfields	ItemLayout	pre-ledger-backlog	2026-07-20	pending	-
01a2dc28	binfields	ItemOutline	pre-ledger-backlog	2026-07-20	pending	-
43703702	binfields	ItemRegion	pre-ledger-backlog	2026-07-20	pending	-
a4b002d7	binfields	ItemsList	pre-ledger-backlog	2026-07-20	pending	-
f1e19578	binfields	KeyDest	pre-ledger-backlog	2026-07-20	pending	-
5307f5e1	bintypes	KeybindSet	pre-ledger-backlog	2026-07-20	pending	-
d8b966a9	binfields	KeysList	pre-ledger-backlog	2026-07-20	pending	-
d7150c53	binfields	KeysTemplate	pre-ledger-backlog	2026-07-20	pending	-
42fb312d	binfields	KeystoneSpell	pre-ledger-backlog	2026-07-20	pending	-
f1cea006	binfields	KillOffset	pre-ledger-backlog	2026-07-20	pending	-
6611a3fc	binfields	KillThreshold	pre-ledger-backlog	2026-07-20	pending	-
e90c310b	binfields	L	pre-ledger-backlog	2026-07-20	pending	-
fe87f21e	binfields	LastHitData	pre-ledger-backlog	2026-07-20	pending	-
fe87f21e	bintypes	LastHitData	pre-ledger-backlog	2026-07-20	pending	-
cebfa3e8	binfields	LeaderboardButton	pre-ledger-backlog	2026-07-20	pending	-
4a7f3786	bintypes	LeaderboardConfiguration	pre-ledger-backlog	2026-07-20	pending	-
15b50d34	binfields	LeaderboardHighlight	pre-ledger-backlog	2026-07-20	pending	-
a07db915	binfields	LeftSource	pre-ledger-backlog	2026-07-20	pending	-
09a124d7	bintypes	LegacyTeam	pre-ledger-backlog	2026-07-20	pending	-
6b863734	bintypes	LegacyVisFlagVisController	pre-ledger-backlog	2026-07-20	pending	-
0d39efe5	binfields	LevelBackground	pre-ledger-backlog	2026-07-20	pending	-
cfce3637	binfields	LevelCard	pre-ledger-backlog	2026-07-20	pending	-
78c0fc71	binfields	LevelDescription	pre-ledger-backlog	2026-07-20	pending	-
496d22af	bintypes	LevelPurchaseViewController	pre-ledger-backlog	2026-07-20	pending	-
6ea8c65e	binfields	LevelSplash	pre-ledger-backlog	2026-07-20	pending	-
55172611	binfields	LevelTitle	pre-ledger-backlog	2026-07-20	pending	-
93f9cdb7	bintypes	LevelUpSpellBlock	pre-ledger-backlog	2026-07-20	pending	-
db6ea1a7	binfields	LinkedPath	pre-ledger-backlog	2026-07-20	pending	-
ea69d6f3	bintypes	ListGet	pre-ledger-backlog	2026-07-20	pending	-
9fb37b48	binfields	ListKey	pre-ledger-backlog	2026-07-20	pending	-
07f017af	binfields	Live	pre-ledger-backlog	2026-07-20	pending	-
8069a433	bintypes	LoLCastActionKeybind	pre-ledger-backlog	2026-07-20	pending	-
be07ec3f	bintypes	LoLCursorContextAwareKeybind	pre-ledger-backlog	2026-07-20	pending	-
d8a0b4e6	bintypes	LoLModesEventChoiceViewController	pre-ledger-backlog	2026-07-20	pending	-
2e181f68	bintypes	LoLReconModeKeybind	pre-ledger-backlog	2026-07-20	pending	-
080929fe	bintypes	LoLSpellSlotKeybind	pre-ledger-backlog	2026-07-20	pending	-
51f3b0ef	bintypes	LoLSpellSlotLevelUpKeybind	pre-ledger-backlog	2026-07-20	pending	-
c995099d	binfields	LoadableModifiers	pre-ledger-backlog	2026-07-20	pending	-
753697fe	binfields	LoadingGroup	pre-ledger-backlog	2026-07-20	pending	-
16a02153	binfields	LocationIcon	pre-ledger-backlog	2026-07-20	pending	-
c2463f9f	binfields	LocationTags	pre-ledger-backlog	2026-07-20	pending	-
2ab3b60a	binfields	LockCameraEnabled	pre-ledger-backlog	2026-07-20	pending	-
30ca5185	binfields	LockedBorder	pre-ledger-backlog	2026-07-20	pending	-
e2622bf2	binfields	LockedColor	pre-ledger-backlog	2026-07-20	pending	-
3df969ff	binfields	LockedSlot	pre-ledger-backlog	2026-07-20	pending	-
27688fd4	binfields	LockedText	pre-ledger-backlog	2026-07-20	pending	-
3cebd87c	binfields	LockedTra	pre-ledger-backlog	2026-07-20	pending	-
6bfb316f	binfields	LogicalName	pre-ledger-backlog	2026-07-20	pending	-
9fd03293	binfields	LogoutButton	pre-ledger-backlog	2026-07-20	pending	-
82bb207a	binfields	LowerBound	pre-ledger-backlog	2026-07-20	pending	-
47343861	binfields	MagicResistance	pre-ledger-backlog	2026-07-20	pending	-
5a3d5de0	binfields	ManaRegenPercent	pre-ledger-backlog	2026-07-20	pending	-
16d6bc74	binfields	MapCue	pre-ledger-backlog	2026-07-20	pending	-
a9d20c63	bintypes	MapGet	pre-ledger-backlog	2026-07-20	pending	-
fa8824c0	bintypes	MapLightRegions	pre-ledger-backlog	2026-07-20	pending	-
b7fb3452	bintypes	MapPlaceableTemplate	pre-ledger-backlog	2026-07-20	pending	-
26045d85	binfields	Mapping	pre-ledger-backlog	2026-07-20	pending	-
10abaf49	binfields	MaterialBin	pre-ledger-backlog	2026-07-20	pending	-
e81d2ece	binfields	MaterialMapping	pre-ledger-backlog	2026-07-20	pending	-
2a96dc56	binfields	MaxGameEvents	pre-ledger-backlog	2026-07-20	pending	-
c40b91eb	binfields	MaxPages	pre-ledger-backlog	2026-07-20	pending	-
df4673e5	binfields	MaxScaleChange	pre-ledger-backlog	2026-07-20	pending	-
4057334e	binfields	MaxToken	pre-ledger-backlog	2026-07-20	pending	-
38823ae2	binfields	MenuButton	pre-ledger-backlog	2026-07-20	pending	-
8fba2ead	binfields	MenuGroup	pre-ledger-backlog	2026-07-20	pending	-
75c07b27	bintypes	MeshEntity	pre-ledger-backlog	2026-07-20	pending	-
7789c8db	binfields	MeshPath	pre-ledger-backlog	2026-07-20	pending	-
ed713805	binfields	MessageTra	pre-ledger-backlog	2026-07-20	pending	-
22bfe860	binfields	MeterBars	pre-ledger-backlog	2026-07-20	pending	-
cbe462b2	binfields	MeterData	pre-ledger-backlog	2026-07-20	pending	-
055a6d9a	binfields	MeterElement	pre-ledger-backlog	2026-07-20	pending	-
0364bf7c	binfields	MeterLayout	pre-ledger-backlog	2026-07-20	pending	-
af3fe1c9	binfields	MiddleElements	pre-ledger-backlog	2026-07-20	pending	-
588f9aa5	binfields	Middleframe	pre-ledger-backlog	2026-07-20	pending	-
1de82be3	binfields	MilestoneAsset	pre-ledger-backlog	2026-07-20	pending	-
c5ea66ab	binfields	MinimapColor	pre-ledger-backlog	2026-07-20	pending	-
1405b98c	binfields	MinimumRange	pre-ledger-backlog	2026-07-20	pending	-
adbcc5ee	binfields	Minutes	pre-ledger-backlog	2026-07-20	pending	-
60be11d7	binfields	MiscScene	pre-ledger-backlog	2026-07-20	pending	-
30f0104e	binfields	MissileForce	pre-ledger-backlog	2026-07-20	pending	-
8ff60339	binfields	Mission	pre-ledger-backlog	2026-07-20	pending	-
c495a1c4	binfields	MissionDesc	pre-ledger-backlog	2026-07-20	pending	-
996d7b9e	binfields	MissionImage	pre-ledger-backlog	2026-07-20	pending	-
6e35697b	binfields	MissionStatus	pre-ledger-backlog	2026-07-20	pending	-
c27efcdf	binfields	MissionTemplate	pre-ledger-backlog	2026-07-20	pending	-
ab6fd275	binfields	MobileVfx	pre-ledger-backlog	2026-07-20	pending	-
b9562e5b	binfields	ModeOverrides	pre-ledger-backlog	2026-07-20	pending	-
73fedbe4	binfields	ModifierButton	pre-ledger-backlog	2026-07-20	pending	-
f23cfa0e	binfields	ModifierHolder	pre-ledger-backlog	2026-07-20	pending	-
c8809611	binfields	ModifierIcon	pre-ledger-backlog	2026-07-20	pending	-
e105c631	binfields	ModifierLists	pre-ledger-backlog	2026-07-20	pending	-
eff321b9	binfields	ModifierModal	pre-ledger-backlog	2026-07-20	pending	-
7ba31fb9	binfields	ModifierSelected	pre-ledger-backlog	2026-07-20	pending	-
3ce24d67	binfields	ModifierSpine	pre-ledger-backlog	2026-07-20	pending	-
a19cac58	binfields	ModifierType	pre-ledger-backlog	2026-07-20	pending	-
f0ec999e	binfields	ModuleName	pre-ledger-backlog	2026-07-20	pending	-
92a92fea	bintypes	MonarchDialogUiViewController	pre-ledger-backlog	2026-07-20	local	-
562bed30	bintypes	MonarchIcon	pre-ledger-backlog	2026-07-20	local	-
f43c1115	bintypes	MonarchInteractKeybind	pre-ledger-backlog	2026-07-20	local	-
fe318069	bintypes	MonarchPlayerInventoryViewController	pre-ledger-backlog	2026-07-20	local	-
c6c4421c	bintypes	MonarchProperties	pre-ledger-backlog	2026-07-20	local	-
a34d485b	bintypes	MonarchSpellSlotKeybind	pre-ledger-backlog	2026-07-20	local	-
677514d3	bintypes	MonarchTag	pre-ledger-backlog	2026-07-20	local	-
df799a6e	bintypes	MovingSituations	pre-ledger-backlog	2026-07-20	pending	-
661f15c3	bintypes	MultiTeam	pre-ledger-backlog	2026-07-20	pending	-
0da9cf64	binfields	MusicSwitches	pre-ledger-backlog	2026-07-20	pending	-
25883c4e	binfields	Mutators	pre-ledger-backlog	2026-07-20	pending	-
30b1d74a	binfields	NamePriority	pre-ledger-backlog	2026-07-20	pending	-
6c83351f	binfields	NeedsPip	pre-ledger-backlog	2026-07-20	pending	-
38a3503e	bintypes	NetworkingGeComponent	pre-ledger-backlog	2026-07-20	pending	-
429a2180	bintypes	NeutralCampDefinition	pre-ledger-backlog	2026-07-20	pending	-
1f69daba	bintypes	NeutralCampEntity	pre-ledger-backlog	2026-07-20	pending	-
df76b69e	binfields	NewValue	pre-ledger-backlog	2026-07-20	pending	-
c870eb8b	binfields	NextGroup	pre-ledger-backlog	2026-07-20	pending	-
20c34879	binfields	NextIcon	pre-ledger-backlog	2026-07-20	pending	-
915005ed	binfields	NextState	pre-ledger-backlog	2026-07-20	pending	-
74478ecd	binfields	NexusSelector	pre-ledger-backlog	2026-07-20	pending	-
e6de9f61	binfields	Night	pre-ledger-backlog	2026-07-20	pending	-
b1c14e0d	binfields	Node	pre-ledger-backlog	2026-07-20	pending	-
186c3198	binfields	NodeId	pre-ledger-backlog	2026-07-20	pending	-
514e905a	binfields	Nodes	pre-ledger-backlog	2026-07-20	pending	-
70bb674e	binfields	NotificationVfx	pre-ledger-backlog	2026-07-20	pending	-
342dcc43	binfields	NumPlayers	pre-ledger-backlog	2026-07-20	pending	-
b4222185	binfields	ObjectiveVfxs	pre-ledger-backlog	2026-07-20	pending	-
a8c6206b	binfields	Objects	pre-ledger-backlog	2026-07-20	pending	-
31c83d22	binfields	OffsetDown	pre-ledger-backlog	2026-07-20	pending	-
d488a847	binfields	OffsetLeft	pre-ledger-backlog	2026-07-20	pending	-
06b84d78	binfields	OffsetRight	pre-ledger-backlog	2026-07-20	pending	-
6cc62ae7	binfields	OffsetUp	pre-ledger-backlog	2026-07-20	pending	-
c84caf96	bintypes	OnPrimaryInputSingleClickEvent	pre-ledger-backlog	2026-07-20	pending	-
fbd4eefd	binfields	Operator	pre-ledger-backlog	2026-07-20	pending	-
dbde2288	binfields	OptionalConfigs	pre-ledger-backlog	2026-07-20	pending	-
e10174d4	binfields	OptionalIcon	pre-ledger-backlog	2026-07-20	pending	-
236c71e4	binfields	OptionalInputs	pre-ledger-backlog	2026-07-20	pending	-
b6639fce	binfields	OrderSequence	pre-ledger-backlog	2026-07-20	pending	-
d97f9a4f	binfields	Origin	pre-ledger-backlog	2026-07-20	pending	-
3c4bd9e8	binfields	OriginLocation	pre-ledger-backlog	2026-07-20	pending	-
421aee08	binfields	OutEntity	pre-ledger-backlog	2026-07-20	pending	-
d1f18af8	binfields	OutlineIcon	pre-ledger-backlog	2026-07-20	pending	-
63f7be6b	binfields	OutputColor	pre-ledger-backlog	2026-07-20	pending	-
8f9dcb62	binfields	OutputParams	pre-ledger-backlog	2026-07-20	pending	-
427157c1	binfields	OutputSelector	pre-ledger-backlog	2026-07-20	pending	-
1b31b682	binfields	OutputStrings	pre-ledger-backlog	2026-07-20	pending	-
f8881209	binfields	OutputW	pre-ledger-backlog	2026-07-20	pending	-
44d41437	binfields	OutputXyz	pre-ledger-backlog	2026-07-20	pending	-
8d0e3f5e	binfields	OverrideFrame	pre-ledger-backlog	2026-07-20	pending	-
f715926c	binfields	OverrideResult	pre-ledger-backlog	2026-07-20	pending	-
f5674cd4	binfields	Owner	pre-ledger-backlog	2026-07-20	pending	-
f3158aa5	binfields	PageText	pre-ledger-backlog	2026-07-20	pending	-
dd2b5b5d	binfields	PaginationButton	pre-ledger-backlog	2026-07-20	pending	-
07f9f769	binfields	ParameterOverrides	pre-ledger-backlog	2026-07-20	pending	-
4aa8446e	bintypes	ParametricSequence	pre-ledger-backlog	2026-07-20	pending	-
b10e2d1e	binfields	ParticleSystem	pre-ledger-backlog	2026-07-20	pending	-
faa24f5d	binfields	PartnerSlot	pre-ledger-backlog	2026-07-20	pending	-
55c5da6b	binfields	PassiveBuff	pre-ledger-backlog	2026-07-20	pending	-
02a877d7	binfields	PathRef	pre-ledger-backlog	2026-07-20	pending	-
6a5247d6	binfields	Pbe	pre-ledger-backlog	2026-07-20	pending	-
343ce138	binfields	PcVfx	pre-ledger-backlog	2026-07-20	pending	-
1a627229	binfields	PenaltyGroup	pre-ledger-backlog	2026-07-20	pending	-
97537db5	binfields	Percentage	pre-ledger-backlog	2026-07-20	pending	-
76599c8b	binfields	PhysicalDamageEnhanced	pre-ledger-backlog	2026-07-20	pending	-
73276a01	binfields	PhysicsComponent	pre-ledger-backlog	2026-07-20	pending	-
165df089	binfields	Ping	pre-ledger-backlog	2026-07-20	pending	-
8ddcecfb	binfields	PingSpatialAudio	pre-ledger-backlog	2026-07-20	pending	-
244362ff	binfields	PipDefinition	pre-ledger-backlog	2026-07-20	pending	-
7cae3080	binfields	PipLayout	pre-ledger-backlog	2026-07-20	pending	-
e0bf6ea7	binfields	PipSequence	pre-ledger-backlog	2026-07-20	pending	-
8bbc0365	binfields	Pixelate	pre-ledger-backlog	2026-07-20	pending	-
ab2e032a	binfields	PlaneConstraint	pre-ledger-backlog	2026-07-20	pending	-
75d39a3b	binfields	PlayAnimation	pre-ledger-backlog	2026-07-20	pending	-
75d39a3b	bintypes	PlayAnimation	pre-ledger-backlog	2026-07-20	pending	-
797fd50b	binfields	PlayButton	pre-ledger-backlog	2026-07-20	pending	-
9c422946	binfields	PlayerLayout	pre-ledger-backlog	2026-07-20	pending	-
8a7ef9d0	binfields	PlayerNames	pre-ledger-backlog	2026-07-20	pending	-
cb3a3644	binfields	PlayerRow	pre-ledger-backlog	2026-07-20	pending	-
a126b13b	binfields	PointLight	pre-ledger-backlog	2026-07-20	pending	-
f9446799	binfields	PointMilestone	pre-ledger-backlog	2026-07-20	pending	-
50af955e	binfields	PointMilestones	pre-ledger-backlog	2026-07-20	pending	-
418ed755	binfields	PointsText	pre-ledger-backlog	2026-07-20	pending	-
91dd7983	binfields	Pool	pre-ledger-backlog	2026-07-20	pending	-
ec843b0e	binfields	PortraitTexturePath	pre-ledger-backlog	2026-07-20	pending	-
b2f876c7	binfields	PositionProvider	pre-ledger-backlog	2026-07-20	pending	-
5ed8887b	binfields	Positions	pre-ledger-backlog	2026-07-20	pending	-
83f71517	binfields	Precision	pre-ledger-backlog	2026-07-20	pending	-
de7d679e	binfields	PremiumTag	pre-ledger-backlog	2026-07-20	pending	-
97b20086	binfields	PressedFrame	pre-ledger-backlog	2026-07-20	pending	-
caebb3c7	binfields	PreviewButton	pre-ledger-backlog	2026-07-20	pending	-
cf48be81	binfields	PrimarySpacer	pre-ledger-backlog	2026-07-20	pending	-
abe35607	binfields	PrioritizedStages	pre-ledger-backlog	2026-07-20	pending	-
733c40f0	binfields	PriorityUnits	pre-ledger-backlog	2026-07-20	pending	-
7de2adb1	binfields	Probe	pre-ledger-backlog	2026-07-20	pending	-
f1e32aa7	binfields	ProbeIndex	pre-ledger-backlog	2026-07-20	pending	-
edd78866	binfields	Probes	pre-ledger-backlog	2026-07-20	pending	-
4fbee88d	binfields	Products	pre-ledger-backlog	2026-07-20	pending	-
e94a6ba8	binfields	Progression	pre-ledger-backlog	2026-07-20	pending	-
56de9f99	binfields	ProjectableInvalid	pre-ledger-backlog	2026-07-20	pending	-
1dccddbf	binfields	Projected	pre-ledger-backlog	2026-07-20	pending	-
dfe6493b	binfields	Prompt	pre-ledger-backlog	2026-07-20	pending	-
8f80bc0f	binfields	PropertyDef	pre-ledger-backlog	2026-07-20	pending	-
edee3d35	binfields	PropertyId	pre-ledger-backlog	2026-07-20	pending	-
0400cac9	binfields	PurchaseKey	pre-ledger-backlog	2026-07-20	pending	-
b9903ec9	binfields	PveComp	pre-ledger-backlog	2026-07-20	pending	-
049d68aa	binfields	PveData	pre-ledger-backlog	2026-07-20	pending	-
2d85c640	binfields	PveScoreboard	pre-ledger-backlog	2026-07-20	pending	-
f8ce75e3	binfields	Query	pre-ledger-backlog	2026-07-20	pending	-
f02bce06	binfields	QueryButtonId	pre-ledger-backlog	2026-07-20	pending	-
4998b307	binfields	QuestStatus	pre-ledger-backlog	2026-07-20	pending	-
86749f57	binfields	QueueMaxSize	pre-ledger-backlog	2026-07-20	pending	-
f70c4715	binfields	R	pre-ledger-backlog	2026-07-20	pending	-
1068640f	binfields	RadialTimer	pre-ledger-backlog	2026-07-20	pending	-
e04f1ab5	binfields	RandomVariance	pre-ledger-backlog	2026-07-20	pending	-
ac9b9e27	binfields	Rank	pre-ledger-backlog	2026-07-20	pending	-
08d18026	binfields	RankIcon	pre-ledger-backlog	2026-07-20	pending	-
0cfa3e3c	binfields	Ranks	pre-ledger-backlog	2026-07-20	pending	-
d02a6781	binfields	RarityGem	pre-ledger-backlog	2026-07-20	pending	-
a2cb8e03	binfields	RarityOverrides	pre-ledger-backlog	2026-07-20	pending	-
e04df972	binfields	RarityTag	pre-ledger-backlog	2026-07-20	pending	-
1bbefc93	binfields	RarityTags	pre-ledger-backlog	2026-07-20	pending	-
edc675ea	binfields	RarityType	pre-ledger-backlog	2026-07-20	pending	-
cb1bebae	binfields	RecipeDef	pre-ledger-backlog	2026-07-20	pending	-
1a35cd0d	binfields	RecipeTemplate	pre-ledger-backlog	2026-07-20	pending	-
5a81f39a	binfields	Reference	pre-ledger-backlog	2026-07-20	pending	-
21570b18	bintypes	RegionDefinition	pre-ledger-backlog	2026-07-20	pending	-
5c1a1dc2	bintypes	RegionEntity	pre-ledger-backlog	2026-07-20	pending	-
bed02ff8	binfields	RegionTags	pre-ledger-backlog	2026-07-20	pending	-
20079c4c	binfields	RemoveAll	pre-ledger-backlog	2026-07-20	pending	-
3b5dbe09	binfields	RemoveButton	pre-ledger-backlog	2026-07-20	pending	-
ebb5881f	binfields	RenderOrder	pre-ledger-backlog	2026-07-20	pending	-
8bfaa580	binfields	RenderPass	pre-ledger-backlog	2026-07-20	pending	-
62c9f9c0	binfields	RenderPhase	pre-ledger-backlog	2026-07-20	pending	-
851b8dc5	bintypes	RequireVar	pre-ledger-backlog	2026-07-20	pending	-
f3c442af	binfields	RequiredCount	pre-ledger-backlog	2026-07-20	pending	-
31af55e6	binfields	RequiredLevel	pre-ledger-backlog	2026-07-20	pending	-
fc922909	binfields	RequiredTags	pre-ledger-backlog	2026-07-20	pending	-
f60220b1	binfields	RequiredValue	pre-ledger-backlog	2026-07-20	pending	-
01987941	binfields	Requirements	pre-ledger-backlog	2026-07-20	pending	-
29df7ff5	binfields	Resource	pre-ledger-backlog	2026-07-20	pending	-
6ebb734e	binfields	ResourceBin	pre-ledger-backlog	2026-07-20	pending	-
5c06309c	binfields	ResourceKey	pre-ledger-backlog	2026-07-20	pending	-
11cb651b	binfields	ResourceReferences	pre-ledger-backlog	2026-07-20	pending	-
8b075f3e	binfields	RespawnDelay	pre-ledger-backlog	2026-07-20	pending	-
ca411bdb	binfields	RespawnDuration	pre-ledger-backlog	2026-07-20	pending	-
e343a0c6	binfields	RespawnSequence	pre-ledger-backlog	2026-07-20	pending	-
71e60c24	binfields	RestrictedType	pre-ledger-backlog	2026-07-20	pending	-
5b26202d	binfields	Restriction	pre-ledger-backlog	2026-07-20	pending	-
3d7745f6	binfields	RestrictionText	pre-ledger-backlog	2026-07-20	pending	-
c3b13882	binfields	RewardButton	pre-ledger-backlog	2026-07-20	pending	-
9dcff647	binfields	RewardClaimed	pre-ledger-backlog	2026-07-20	pending	-
56c607bc	binfields	RewardDescription	pre-ledger-backlog	2026-07-20	pending	-
c1c6ede2	binfields	RewardGrid	pre-ledger-backlog	2026-07-20	pending	-
3123eb4c	binfields	RewardIcons	pre-ledger-backlog	2026-07-20	pending	-
0ecd9162	binfields	RewardMask	pre-ledger-backlog	2026-07-20	pending	-
54e57fb9	binfields	RewardNameTraKey	pre-ledger-backlog	2026-07-20	pending	-
7f7e87bc	binfields	RewardTemplate	pre-ledger-backlog	2026-07-20	pending	-
c6f4b3f8	binfields	RightSource	pre-ledger-backlog	2026-07-20	pending	-
16ff3d1e	binfields	Roll	pre-ledger-backlog	2026-07-20	pending	-
9a7587b2	binfields	RollTable	pre-ledger-backlog	2026-07-20	pending	-
ca62500c	binfields	RootGroup	pre-ledger-backlog	2026-07-20	pending	-
f22f9104	binfields	RosterTitle	pre-ledger-backlog	2026-07-20	pending	-
60cce187	binfields	SceneDuration	pre-ledger-backlog	2026-07-20	pending	-
5d192820	binfields	Scenes	pre-ledger-backlog	2026-07-20	pending	-
31a43617	binfields	ScoreBreakpoints	pre-ledger-backlog	2026-07-20	pending	-
01741a1c	binfields	ScoreGroup	pre-ledger-backlog	2026-07-20	pending	-
b0b412d0	binfields	ScoreHeader	pre-ledger-backlog	2026-07-20	pending	-
abbacbb6	binfields	ScoreName	pre-ledger-backlog	2026-07-20	pending	-
6b4d6c6b	binfields	ScoreUi	pre-ledger-backlog	2026-07-20	pending	-
3f14593a	binfields	ScoreValue	pre-ledger-backlog	2026-07-20	pending	-
acc0893c	binfields	ScriptDataNumbers	pre-ledger-backlog	2026-07-20	pending	-
75601a20	binfields	ScriptDataStrings	pre-ledger-backlog	2026-07-20	pending	-
0d484801	binfields	ScriptDef	pre-ledger-backlog	2026-07-20	pending	-
9b4a129b	binfields	Scripts	pre-ledger-backlog	2026-07-20	pending	-
5675f8db	binfields	Scroller	pre-ledger-backlog	2026-07-20	pending	-
ddfc5454	binfields	ScrollerBar	pre-ledger-backlog	2026-07-20	pending	-
4b90d43d	binfields	SearchButton	pre-ledger-backlog	2026-07-20	pending	-
462dd7c5	binfields	SeasonId	pre-ledger-backlog	2026-07-20	pending	-
d5ca9b39	binfields	SecondarySpacer	pre-ledger-backlog	2026-07-20	pending	-
66b6cdea	binfields	Seconds	pre-ledger-backlog	2026-07-20	pending	-
968ff282	bintypes	SegmentGet	pre-ledger-backlog	2026-07-20	pending	-
cc7c7159	binfields	SelectButton	pre-ledger-backlog	2026-07-20	pending	-
eca4ae5d	binfields	SelectedClicked	pre-ledger-backlog	2026-07-20	pending	-
74f8c1e9	binfields	SelectedDefault	pre-ledger-backlog	2026-07-20	pending	-
5ae3dbe2	binfields	SelectedHolder	pre-ledger-backlog	2026-07-20	pending	-
92d960e6	binfields	SelectedHover	pre-ledger-backlog	2026-07-20	pending	-
4ce2d8e5	binfields	SelectedInactive	pre-ledger-backlog	2026-07-20	pending	-
7dd33afb	binfields	SelectedPreset	pre-ledger-backlog	2026-07-20	pending	-
c0ac6e28	binfields	SelectionAvailable	pre-ledger-backlog	2026-07-20	pending	-
5b45d71e	binfields	SelfHeader	pre-ledger-backlog	2026-07-20	pending	-
c060792d	binfields	SelfLayout	pre-ledger-backlog	2026-07-20	pending	-
beb93e84	bintypes	SeqInputCombinedPosition	pre-ledger-backlog	2026-07-20	pending	-
890cc538	binfields	SequenceLink	pre-ledger-backlog	2026-07-20	pending	-
319b722c	binfields	SequenceParameters	pre-ledger-backlog	2026-07-20	pending	-
3d31478a	bintypes	SequencerHelper	pre-ledger-backlog	2026-07-20	pending	-
d8c398f2	binfields	SeriesBackgroundImageUrl	pre-ledger-backlog	2026-07-20	pending	-
9c50fe38	binfields	SeriesList	pre-ledger-backlog	2026-07-20	pending	-
dfe510ee	binfields	SetOnStart	pre-ledger-backlog	2026-07-20	pending	-
b4f63f45	bintypes	SfxDefinition	pre-ledger-backlog	2026-07-20	pending	-
b6fc7767	bintypes	SfxEntity	pre-ledger-backlog	2026-07-20	pending	-
3a3f4a2b	bintypes	SfxGeComponent	pre-ledger-backlog	2026-07-20	pending	-
d2d78714	bintypes	SfxHelper	pre-ledger-backlog	2026-07-20	pending	-
a1d375b5	binfields	ShaderModel	pre-ledger-backlog	2026-07-20	pending	-
5cc8d99c	binfields	ShadowColor0	pre-ledger-backlog	2026-07-20	pending	-
5dc8db2f	binfields	ShadowColor1	pre-ledger-backlog	2026-07-20	pending	-
10087a83	binfields	ShadowsEnabled	pre-ledger-backlog	2026-07-20	pending	-
f775806c	bintypes	ShopDefinition	pre-ledger-backlog	2026-07-20	pending	-
e6bb215e	bintypes	ShopEntity	pre-ledger-backlog	2026-07-20	pending	-
a8201a8b	binfields	ShopMapIndex	pre-ledger-backlog	2026-07-20	pending	-
a9e4a8cb	binfields	ShopStyles	pre-ledger-backlog	2026-07-20	pending	-
b3b79b71	binfields	ShortDescriptionTraKey	pre-ledger-backlog	2026-07-20	pending	-
93fcfdc6	binfields	ShortDisplayName	pre-ledger-backlog	2026-07-20	pending	-
b872990e	binfields	ShouldRemove	pre-ledger-backlog	2026-07-20	pending	-
a947e23c	binfields	Show	pre-ledger-backlog	2026-07-20	pending	-
58226563	binfields	ShowCharacter	pre-ledger-backlog	2026-07-20	pending	-
30f8b0dd	binfields	ShowOnCreate	pre-ledger-backlog	2026-07-20	pending	-
d8c81e10	binfields	ShowVfx	pre-ledger-backlog	2026-07-20	pending	-
a4eb8410	bintypes	ShuffleCustomTableBlock	pre-ledger-backlog	2026-07-20	pending	-
efe39691	binfields	ShuffleStages	pre-ledger-backlog	2026-07-20	pending	-
a28939c9	binfields	SideOffset	pre-ledger-backlog	2026-07-20	pending	-
cecdd9eb	binfields	SingleActive	pre-ledger-backlog	2026-07-20	pending	-
ae789376	binfields	SingleCompleted	pre-ledger-backlog	2026-07-20	pending	-
20c75747	binfields	SingleLocked	pre-ledger-backlog	2026-07-20	pending	-
93f0c42c	binfields	SituationName	pre-ledger-backlog	2026-07-20	pending	-
6556dc9f	binfields	Skills	pre-ledger-backlog	2026-07-20	pending	-
174a6a47	binfields	SkinItem	pre-ledger-backlog	2026-07-20	pending	-
911d1120	binfields	SkipExecution	pre-ledger-backlog	2026-07-20	pending	-
af20b401	binfields	SlotData	pre-ledger-backlog	2026-07-20	pending	-
58526469	binfields	SlotRestriction	pre-ledger-backlog	2026-07-20	pending	-
d04a0fe6	binfields	SlotsButton	pre-ledger-backlog	2026-07-20	pending	-
d3a91466	binfields	SlotsScene	pre-ledger-backlog	2026-07-20	pending	-
42abffde	binfields	SmoothTime	pre-ledger-backlog	2026-07-20	pending	-
7a5ff18f	binfields	SoundName	pre-ledger-backlog	2026-07-20	pending	-
df38ac45	binfields	SourceId	pre-ledger-backlog	2026-07-20	pending	-
a78f532f	binfields	SourceLocation	pre-ledger-backlog	2026-07-20	pending	-
7974836b	binfields	SourcePosition	pre-ledger-backlog	2026-07-20	pending	-
59407c14	binfields	SourceVfx	pre-ledger-backlog	2026-07-20	pending	-
ea0e4ad5	binfields	Spacer	pre-ledger-backlog	2026-07-20	pending	-
3378edaf	binfields	SpawnGrubbies	pre-ledger-backlog	2026-07-20	pending	-
0d7e521d	binfields	SpecName	pre-ledger-backlog	2026-07-20	pending	-
3e23d344	binfields	SpectateLayout	pre-ledger-backlog	2026-07-20	pending	-
bc4804ec	binfields	SpellBook	pre-ledger-backlog	2026-07-20	pending	-
c1d6b8d3	binfields	SpellCalculations	pre-ledger-backlog	2026-07-20	pending	-
08263e1d	binfields	SpellCastQueueData	pre-ledger-backlog	2026-07-20	pending	-
16f1763f	binfields	SpellDataTemplate	pre-ledger-backlog	2026-07-20	pending	-
5e7e5a06	binfields	SpellObject	pre-ledger-backlog	2026-07-20	pending	-
87f6b886	binfields	SpellScript	pre-ledger-backlog	2026-07-20	pending	-
549452c3	bintypes	SpellVars	pre-ledger-backlog	2026-07-20	pending	-
2fd3d3c2	binfields	SpineAnimation	pre-ledger-backlog	2026-07-20	pending	-
01a24d83	binfields	SpineObject	pre-ledger-backlog	2026-07-20	pending	-
2d4af07e	binfields	SpineStyles	pre-ledger-backlog	2026-07-20	pending	-
c6668613	binfields	SplashIcon	pre-ledger-backlog	2026-07-20	pending	-
7974399b	binfields	SplashMaterial	pre-ledger-backlog	2026-07-20	pending	-
c93f9c4d	binfields	SplashPath	pre-ledger-backlog	2026-07-20	pending	-
7b2a1a56	binfields	SplashUpgrade	pre-ledger-backlog	2026-07-20	pending	-
b253a39a	binfields	SplashUpgradeAugments	pre-ledger-backlog	2026-07-20	pending	-
0795ccc5	binfields	SplashUpgradeTrack	pre-ledger-backlog	2026-07-20	pending	-
36ab176c	binfields	SplineCurves	pre-ledger-backlog	2026-07-20	pending	-
034aa1d3	binfields	SplinePoints	pre-ledger-backlog	2026-07-20	pending	-
3f9a5cee	binfields	StartColor	pre-ledger-backlog	2026-07-20	pending	-
b35fc430	binfields	StartDegrees	pre-ledger-backlog	2026-07-20	pending	-
a527f700	binfields	StartDivision	pre-ledger-backlog	2026-07-20	pending	-
64899064	binfields	StartEnabled	pre-ledger-backlog	2026-07-20	pending	-
7a92b498	binfields	StartLocation	pre-ledger-backlog	2026-07-20	pending	-
d65a8b5c	binfields	StartPosition	pre-ledger-backlog	2026-07-20	pending	-
e9103252	binfields	StartSoundEvent	pre-ledger-backlog	2026-07-20	pending	-
c04f610f	binfields	StartValueOffset	pre-ledger-backlog	2026-07-20	pending	-
3798de1c	binfields	StartVector	pre-ledger-backlog	2026-07-20	pending	-
6929e0fa	binfields	StateDuration	pre-ledger-backlog	2026-07-20	pending	-
01e3c21c	binfields	StateLabel	pre-ledger-backlog	2026-07-20	pending	-
779a970d	binfields	StateTransition	pre-ledger-backlog	2026-07-20	pending	-
07ca5f1b	binfields	StaticFunction	pre-ledger-backlog	2026-07-20	pending	-
b2cd8676	binfields	StepGroup	pre-ledger-backlog	2026-07-20	pending	-
f92eae07	binfields	StepRegion	pre-ledger-backlog	2026-07-20	pending	-
7995e2cd	binfields	StepScene	pre-ledger-backlog	2026-07-20	pending	-
6bb5cb4d	binfields	StepTemplate	pre-ledger-backlog	2026-07-20	pending	-
51babcb8	binfields	StepText	pre-ledger-backlog	2026-07-20	pending	-
a5912d83	binfields	StopsMovement	pre-ledger-backlog	2026-07-20	pending	-
62e1b0aa	binfields	StoreAsset	pre-ledger-backlog	2026-07-20	pending	-
577e4208	binfields	StoreDescriptionTraKey	pre-ledger-backlog	2026-07-20	pending	-
892fb608	bintypes	StoreFilter	pre-ledger-backlog	2026-07-20	pending	-
4c53d673	binfields	StoreId	pre-ledger-backlog	2026-07-20	pending	-
5d1ffec3	binfields	StoreImage	pre-ledger-backlog	2026-07-20	pending	-
60c41330	binfields	StorePurchaseId	pre-ledger-backlog	2026-07-20	pending	-
2853d34a	binfields	StoreTexturePath	pre-ledger-backlog	2026-07-20	pending	-
96878724	binfields	Strategy	pre-ledger-backlog	2026-07-20	pending	-
decc6c99	bintypes	StrawberryInputUpdater	pre-ledger-backlog	2026-07-20	pending	-
30f0ba27	bintypes	StringCast	pre-ledger-backlog	2026-07-20	pending	-
b0727511	binfields	Strings	pre-ledger-backlog	2026-07-20	pending	-
9d17b3be	binfields	StructureLink	pre-ledger-backlog	2026-07-20	pending	-
44735f30	binfields	StunTexture	pre-ledger-backlog	2026-07-20	pending	-
bd00b074	binfields	SubEvents	pre-ledger-backlog	2026-07-20	pending	-
a0f848d1	binfields	SubRequirements	pre-ledger-backlog	2026-07-20	pending	-
312f9dd7	binfields	SubteamBadge	pre-ledger-backlog	2026-07-20	pending	-
4c0c91fd	binfields	SuccessesRequired	pre-ledger-backlog	2026-07-20	pending	-
9d8b5bd5	binfields	SummonerLevel	pre-ledger-backlog	2026-07-20	pending	-
602b4f3c	binfields	SwapAnimation	pre-ledger-backlog	2026-07-20	pending	-
68305f93	binfields	SwapMaterial	pre-ledger-backlog	2026-07-20	pending	-
8963e73a	binfields	SwapSounds	pre-ledger-backlog	2026-07-20	pending	-
7c626308	binfields	SwitchGroup	pre-ledger-backlog	2026-07-20	pending	-
ec134322	binfields	SwitchState	pre-ledger-backlog	2026-07-20	pending	-
c1b1aa2a	binfields	SystemPrompt	pre-ledger-backlog	2026-07-20	pending	-
0ebfad7f	binfields	TacticianScale	pre-ledger-backlog	2026-07-20	pending	-
fbf302db	binfields	TagData	pre-ledger-backlog	2026-07-20	pending	-
37c3a421	binfields	TagQuery	pre-ledger-backlog	2026-07-20	pending	-
fe9065ba	binfields	TargetGame	pre-ledger-backlog	2026-07-20	pending	-
5dc08bbe	binfields	TargetLevel	pre-ledger-backlog	2026-07-20	pending	-
1970b93f	binfields	TargetLocation	pre-ledger-backlog	2026-07-20	pending	-
66ab6b90	binfields	TargetRequirements	pre-ledger-backlog	2026-07-20	pending	-
13915870	binfields	TargetScene	pre-ledger-backlog	2026-07-20	pending	-
c8e7634b	binfields	TargetSunDirection	pre-ledger-backlog	2026-07-20	pending	-
cdfd3bca	binfields	TeamCodeText	pre-ledger-backlog	2026-07-20	pending	-
0f4ed7e6	binfields	TeamComposition	pre-ledger-backlog	2026-07-20	pending	-
341a92b5	binfields	TeamDefinition	pre-ledger-backlog	2026-07-20	pending	-
341a92b5	bintypes	TeamDefinition	pre-ledger-backlog	2026-07-20	pending	-
cf948d45	binfields	TeamEditorData	pre-ledger-backlog	2026-07-20	pending	-
54675714	binfields	TeamOverride	pre-ledger-backlog	2026-07-20	pending	-
e71e9783	binfields	TeamSeparator	pre-ledger-backlog	2026-07-20	pending	-
5d473c96	binfields	TeamTemplate	pre-ledger-backlog	2026-07-20	pending	-
138a7d5f	bintypes	TeamsConfig	pre-ledger-backlog	2026-07-20	pending	-
0153ef3f	binfields	TextElements	pre-ledger-backlog	2026-07-20	pending	-
59d65fab	binfields	TextProperty	pre-ledger-backlog	2026-07-20	pending	-
67542274	binfields	TextureElementType	pre-ledger-backlog	2026-07-20	pending	-
dcf71c47	binfields	TextureHeight	pre-ledger-backlog	2026-07-20	pending	-
1f49a52a	binfields	TextureVictory	pre-ledger-backlog	2026-07-20	pending	-
90df3f50	binfields	TextureWidth	pre-ledger-backlog	2026-07-20	pending	-
df4d7688	bintypes	Tft3dAnnouncementViewController	pre-ledger-backlog	2026-07-20	pending	-
d65315ee	bintypes	TftConstants	pre-ledger-backlog	2026-07-20	pending	-
27d533fe	bintypes	TftCraftingViewControllerV2	pre-ledger-backlog	2026-07-20	pending	-
025ad6e2	bintypes	TftEventHubSkillTreeViewController	pre-ledger-backlog	2026-07-20	pending	-
1c91dc02	bintypes	TftMyTeamsViewController	pre-ledger-backlog	2026-07-20	pending	-
bf062603	bintypes	TftPveBuffData	pre-ledger-backlog	2026-07-20	pending	-
faf3956e	bintypes	TftPveData	pre-ledger-backlog	2026-07-20	pending	-
ab66439a	bintypes	TftPveEogViewController	pre-ledger-backlog	2026-07-20	pending	-
253eba55	bintypes	TftTeamCannonCooldownViewController	pre-ledger-backlog	2026-07-20	pending	-
9401f2e2	bintypes	TftTeamCannonItemExchangeViewController	pre-ledger-backlog	2026-07-20	pending	-
d35c6ec8	bintypes	TftTrovesViewControllerV3	pre-ledger-backlog	2026-07-20	pending	-
a330d712	binfields	TierItemType	pre-ledger-backlog	2026-07-20	pending	-
f5092643	binfields	TierNames	pre-ledger-backlog	2026-07-20	pending	-
2414834f	binfields	TierTemplate	pre-ledger-backlog	2026-07-20	pending	-
d853c3f4	binfields	TimePercentage	pre-ledger-backlog	2026-07-20	pending	-
146b3900	binfields	TimerDefinitions	pre-ledger-backlog	2026-07-20	pending	-
73e973f5	binfields	TimerGroup	pre-ledger-backlog	2026-07-20	pending	-
48b5af2f	binfields	TimerId	pre-ledger-backlog	2026-07-20	pending	-
143f10a8	bintypes	TimerViews	pre-ledger-backlog	2026-07-20	pending	-
7c5314d3	binfields	TintColor	pre-ledger-backlog	2026-07-20	pending	-
01d6318d	binfields	ToggleType	pre-ledger-backlog	2026-07-20	pending	-
4e534dcf	binfields	TooltipKey	pre-ledger-backlog	2026-07-20	pending	-
9346bce8	binfields	TooltipPriority	pre-ledger-backlog	2026-07-20	pending	-
69ae9918	binfields	TrackIndex	pre-ledger-backlog	2026-07-20	pending	-
7bef87dc	binfields	TraitText	pre-ledger-backlog	2026-07-20	pending	-
8f6df5b2	binfields	TransitionData	pre-ledger-backlog	2026-07-20	pending	-
7e4fc21e	binfields	TransitionDuration	pre-ledger-backlog	2026-07-20	pending	-
66048e3b	binfields	TransitionStartTime	pre-ledger-backlog	2026-07-20	pending	-
f85d0a11	binfields	TranslationRange	pre-ledger-backlog	2026-07-20	pending	-
b9cb9ce8	binfields	Treatments	pre-ledger-backlog	2026-07-20	pending	-
4a7b08fa	binfields	TrueDamageEnhanced	pre-ledger-backlog	2026-07-20	pending	-
9e490c6c	binfields	UiElementI	pre-ledger-backlog	2026-07-20	pending	-
6c6c0878	bintypes	UiElementIGet	pre-ledger-backlog	2026-07-20	pending	-
37a8385c	bintypes	UiExpandableUnitStatsData	pre-ledger-backlog	2026-07-20	pending	-
a39a0007	binfields	UiLoadable	pre-ledger-backlog	2026-07-20	pending	-
a5316cec	bintypes	UiScript	pre-ledger-backlog	2026-07-20	pending	-
bc4b08e9	binfields	UiTemplate	pre-ledger-backlog	2026-07-20	pending	-
f45fee61	binfields	UiVfx	pre-ledger-backlog	2026-07-20	pending	-
8d32446e	binfields	UltimateBackground	pre-ledger-backlog	2026-07-20	pending	-
2d4fe610	binfields	UltimateVictory	pre-ledger-backlog	2026-07-20	pending	-
c0f4b3bf	binfields	UndoButton	pre-ledger-backlog	2026-07-20	pending	-
07e7c0bb	binfields	UniqueId	pre-ledger-backlog	2026-07-20	pending	-
875bac76	binfields	UnitTypeFlags	pre-ledger-backlog	2026-07-20	pending	-
36aac8d9	binfields	UniversalTrack	pre-ledger-backlog	2026-07-20	pending	-
84be004c	binfields	UnselectedClicked	pre-ledger-backlog	2026-07-20	pending	-
f8b71cc4	binfields	UnselectedDefault	pre-ledger-backlog	2026-07-20	pending	-
d3231b43	binfields	UnselectedHover	pre-ledger-backlog	2026-07-20	pending	-
1683dbca	binfields	UnselectedInactive	pre-ledger-backlog	2026-07-20	pending	-
95a401c3	binfields	UpgradeSpell	pre-ledger-backlog	2026-07-20	pending	-
acc83ffa	binfields	UseFistBump	pre-ledger-backlog	2026-07-20	pending	-
064440d6	binfields	UseSkinName	pre-ledger-backlog	2026-07-20	pending	-
7b66f15d	binfields	UseTarget	pre-ledger-backlog	2026-07-20	pending	-
e1e591e3	binfields	UseText	pre-ledger-backlog	2026-07-20	pending	-
93c40af5	bintypes	Vector3Concept	pre-ledger-backlog	2026-07-20	pending	-
f7f9a232	bintypes	Vector4Concept	pre-ledger-backlog	2026-07-20	pending	-
e2edf451	binfields	VerticalLayout	pre-ledger-backlog	2026-07-20	pending	-
1cf263eb	bintypes	VfxComponents	pre-ledger-backlog	2026-07-20	pending	-
57826247	binfields	VfxData	pre-ledger-backlog	2026-07-20	pending	-
8ad25772	bintypes	VfxDefinition	pre-ledger-backlog	2026-07-20	pending	-
677c1488	bintypes	VfxEntity	pre-ledger-backlog	2026-07-20	pending	-
df782aae	binfields	VfxProperty	pre-ledger-backlog	2026-07-20	pending	-
8ed2871b	binfields	VfxResource	pre-ledger-backlog	2026-07-20	pending	-
40e19ec4	binfields	Vfxs	pre-ledger-backlog	2026-07-20	pending	-
0514b064	binfields	VictoryPin	pre-ledger-backlog	2026-07-20	pending	-
f6ec748b	binfields	VideoPath	pre-ledger-backlog	2026-07-20	pending	-
e50186a0	binfields	VideoRegion	pre-ledger-backlog	2026-07-20	pending	-
3b060ae5	binfields	ViewModel	pre-ledger-backlog	2026-07-20	pending	-
4facf6d1	binfields	Views	pre-ledger-backlog	2026-07-20	pending	-
599fcd6e	binfields	WarningTexture	pre-ledger-backlog	2026-07-20	pending	-
9cf6bf22	binfields	Wasd	pre-ledger-backlog	2026-07-20	pending	-
dc7ec024	binfields	WipStat1	pre-ledger-backlog	2026-07-20	pending	-
df7ec4dd	binfields	WipStat2	pre-ledger-backlog	2026-07-20	pending	-
de7ec34a	binfields	WipStat3	pre-ledger-backlog	2026-07-20	pending	-
d97ebb6b	binfields	WipStat4	pre-ledger-backlog	2026-07-20	pending	-
d87eb9d8	binfields	WipStat5	pre-ledger-backlog	2026-07-20	pending	-
db7ebe91	binfields	WipStat6	pre-ledger-backlog	2026-07-20	pending	-
df92e232	binfields	Zoom	pre-ledger-backlog	2026-07-20	pending	-
5ed132d9	binfields	ZoomDistance	pre-ledger-backlog	2026-07-20	pending	-
d1257b43	binfields	ZoomEasing	pre-ledger-backlog	2026-07-20	pending	-

# season16-modes-ui
be0ca55e	bintypes	AbilityPreviewViewController	season16-modes-ui	2026-07-24	pending	-
f37213a8	bintypes	AudioContextEvent	season16-modes-ui	2026-07-24	pending	-
bb109c9b	bintypes	AugmentSelectionViewController	season16-modes-ui	2026-07-24	pending	-
e24d73c6	bintypes	AugmentSetTooltipViewController	season16-modes-ui	2026-07-24	pending	-
e8402935	bintypes	AugmentSetTraitTrackerViewController	season16-modes-ui	2026-07-24	pending	-
f524e8bd	bintypes	BattlegroundsMap	season16-modes-ui	2026-07-24	pending	-
178d150b	bintypes	BattlegroundsTeamHealthViewController	season16-modes-ui	2026-07-24	pending	-
2610a4a3	bintypes	ClientState	season16-modes-ui	2026-07-24	pending	-
46958bc2	bintypes	ClientStateCommon	season16-modes-ui	2026-07-24	pending	-
93f16627	bintypes	ClientStateGameplay	season16-modes-ui	2026-07-24	pending	-
1b2711f4	bintypes	ClientStateTFTPreGameUI	season16-modes-ui	2026-07-24	pending	-
2cc33a4b	bintypes	CombatOverviewViewController	season16-modes-ui	2026-07-24	pending	-
cc2dcb80	bintypes	ControlSchemeSelectionViewController	season16-modes-ui	2026-07-24	pending	-
2682f3f6	bintypes	DamageShieldedParams	season16-modes-ui	2026-07-24	pending	-
2b949af2	bintypes	GameEntityPrefab	season16-modes-ui	2026-07-24	pending	-
91873e8a	bintypes	IMonarchCameraUpdater	season16-modes-ui	2026-07-24	local	-
89c17529	bintypes	IMonarchEncounterAction	season16-modes-ui	2026-07-24	local	-
51affcd0	bintypes	IMonarchEncounterUiDef	season16-modes-ui	2026-07-24	local	-
c657a95d	bintypes	IMonarchItemData	season16-modes-ui	2026-07-24	local	-
1c315cd8	bintypes	InputEvent2AxisKeybind	season16-modes-ui	2026-07-24	pending	-
070cf2e7	bintypes	InputEventBoolKeybind	season16-modes-ui	2026-07-24	pending	-
dc7b01b2	bintypes	ItemAutoBuyViewController	season16-modes-ui	2026-07-24	pending	-
90fcea80	bintypes	JadeItemRecommendations	season16-modes-ui	2026-07-24	pending	-
079b4930	bintypes	ModesQuestTrackerViewController	season16-modes-ui	2026-07-24	pending	-
6a0a0a99	bintypes	MonarchAnnouncementsTemplate	season16-modes-ui	2026-07-24	local	-
4d85133e	bintypes	MonarchAnnouncementsViewController	season16-modes-ui	2026-07-24	local	-
a7e315dc	bintypes	MonarchBuffLink	season16-modes-ui	2026-07-24	local	-
f0c57b38	bintypes	MonarchCameraConfig	season16-modes-ui	2026-07-24	local	-
25ef31db	bintypes	MonarchCameraSettings	season16-modes-ui	2026-07-24	local	-
a52f76d9	bintypes	MonarchCommonViewController	season16-modes-ui	2026-07-24	local	-
15000a12	bintypes	MonarchCraftingViewController	season16-modes-ui	2026-07-24	local	-
f6690031	bintypes	MonarchEncounterDef	season16-modes-ui	2026-07-24	local	-
78893681	bintypes	MonarchEncounterManager	season16-modes-ui	2026-07-24	local	-
ca92d111	bintypes	MonarchEntityDef	season16-modes-ui	2026-07-24	local	-
326fe4b8	bintypes	MonarchInputUpdater	season16-modes-ui	2026-07-24	local	-
3401293a	bintypes	MonarchInteractComponentData	season16-modes-ui	2026-07-24	local	-
c9a3743d	bintypes	MonarchInteractConfig	season16-modes-ui	2026-07-24	local	-
adc216ee	bintypes	MonarchInteractDef	season16-modes-ui	2026-07-24	local	-
3190042a	bintypes	MonarchInteractRequirement	season16-modes-ui	2026-07-24	local	-
a8c0476d	bintypes	MonarchInventoryConfig	season16-modes-ui	2026-07-24	local	-
de92b53e	bintypes	MonarchInventoryDef	season16-modes-ui	2026-07-24	local	-
6fcdd30c	bintypes	MonarchItemContainerDef	season16-modes-ui	2026-07-24	local	-
887d948d	bintypes	MonarchItemDef	season16-modes-ui	2026-07-24	local	-
109d1833	bintypes	MonarchItemProperties	season16-modes-ui	2026-07-24	local	-
83e552c9	bintypes	MonarchItemSlotDef	season16-modes-ui	2026-07-24	local	-
2fdd059c	bintypes	MonarchItemStat	season16-modes-ui	2026-07-24	local	-
47f0573d	bintypes	MonarchItemStats	season16-modes-ui	2026-07-24	local	-
ce61401f	bintypes	MonarchItemTags	season16-modes-ui	2026-07-24	local	-
2cfe8421	bintypes	MonarchKeybindSet	season16-modes-ui	2026-07-24	local	-
51361676	bintypes	MonarchMegaMapViewController	season16-modes-ui	2026-07-24	local	-
dd2dffb1	bintypes	MonarchMissionStepTemplate	season16-modes-ui	2026-07-24	local	-
5d6bf31f	bintypes	MonarchMissionTemplate	season16-modes-ui	2026-07-24	local	-
3e149034	bintypes	MonarchPropertyGet	season16-modes-ui	2026-07-24	local	-
e45d99fc	bintypes	MonarchPropertyInclude	season16-modes-ui	2026-07-24	local	-
36aa243a	bintypes	MonarchRecipeComponentData	season16-modes-ui	2026-07-24	local	-
77c7753d	bintypes	MonarchRecipeConfig	season16-modes-ui	2026-07-24	local	-
836c79ee	bintypes	MonarchRecipeDef	season16-modes-ui	2026-07-24	local	-
c1b95e5d	bintypes	MonarchRecipeModifierDef	season16-modes-ui	2026-07-24	local	-
d1b2d11b	bintypes	MonarchRecipeRequirements	season16-modes-ui	2026-07-24	local	-
ed8bda7c	bintypes	MonarchRecipeViewTemplate	season16-modes-ui	2026-07-24	local	-
a361c5ef	bintypes	MonarchRegionConfig	season16-modes-ui	2026-07-24	local	-
fb1e7399	bintypes	MonarchResourceLink	season16-modes-ui	2026-07-24	local	-
448275ed	bintypes	MonarchRoundsViewController	season16-modes-ui	2026-07-24	local	-
dc211c0e	bintypes	MonarchTagComponentData	season16-modes-ui	2026-07-24	local	-
f7fda9ff	bintypes	MonarchTagPtr	season16-modes-ui	2026-07-24	local	-
64be4d61	bintypes	MonarchTagQuery	season16-modes-ui	2026-07-24	local	-
166b5a5a	bintypes	MonarchTeamConfig	season16-modes-ui	2026-07-24	local	-
274916b2	bintypes	MonarchTierRecipeModifier	season16-modes-ui	2026-07-24	local	-
60e0bd1f	bintypes	MonarchViewDef	season16-modes-ui	2026-07-24	local	-
165c0117	bintypes	OptionItemControlSelectionSettings	season16-modes-ui	2026-07-24	pending	-
7c689a48	bintypes	ParamsAssist	season16-modes-ui	2026-07-24	pending	-
7b293789	bintypes	ParamsCC	season16-modes-ui	2026-07-24	pending	-
6548c848	bintypes	ParamsChampionKill	season16-modes-ui	2026-07-24	pending	-
8c1de691	bintypes	ParamsChampionKillPre	season16-modes-ui	2026-07-24	pending	-
2839cc82	bintypes	ParamsDamage	season16-modes-ui	2026-07-24	pending	-
2e25285f	bintypes	ParamsDamageAttempt	season16-modes-ui	2026-07-24	pending	-
84a23145	bintypes	ParamsDamageCriticalStrike	season16-modes-ui	2026-07-24	pending	-
d83b6b03	bintypes	ParamsDie	season16-modes-ui	2026-07-24	pending	-
554596d5	bintypes	ParamsExpEarned	season16-modes-ui	2026-07-24	pending	-
a50c40a2	bintypes	ParamsGoldEarned	season16-modes-ui	2026-07-24	pending	-
94950d2f	bintypes	ParamsGoldSpent	season16-modes-ui	2026-07-24	pending	-
7c044fe1	bintypes	ParamsHeal	season16-modes-ui	2026-07-24	pending	-
9b16eee4	bintypes	ParamsItemChange	season16-modes-ui	2026-07-24	pending	-
1bf2060f	bintypes	ParamsItemConsumedPurchased	season16-modes-ui	2026-07-24	pending	-
3794d4a2	bintypes	ParamsItemUndo	season16-modes-ui	2026-07-24	pending	-
8db1dc6a	bintypes	ParamsKillingSpree	season16-modes-ui	2026-07-24	pending	-
60fd8a21	bintypes	ParamsMinionKill	season16-modes-ui	2026-07-24	pending	-
f24aeac2	bintypes	ParamsUndoEnabledChange	season16-modes-ui	2026-07-24	pending	-
b9542d9d	bintypes	PlayerFrameViewControllerBase	season16-modes-ui	2026-07-24	pending	-
a4892234	bintypes	PlayerInventoryViewControllerBase	season16-modes-ui	2026-07-24	pending	-
26b76506	bintypes	RoleBoundQuestSelectionViewController	season16-modes-ui	2026-07-24	pending	-
8f7f3f4e	bintypes	ShieldingParams	season16-modes-ui	2026-07-24	pending	-
5f011348	bintypes	SpellBookIndex	season16-modes-ui	2026-07-24	pending	-
8c31df6a	bintypes	TFTTrovesViewControllerEvents	season16-modes-ui	2026-07-24	pending	-
ba9ff884	bintypes	ThirdPersonCameraUpdateStrategy	season16-modes-ui	2026-07-24	pending	-
b06a22db	bintypes	UIControlScheme	season16-modes-ui	2026-07-24	pending	-

# vfx-driver-graph
cbd100e7	bintypes	IVfxBaseDriver	vfx-driver-graph	2026-07-28	pending	-
8b5022d2	bintypes	IVfxEmissionSource	vfx-driver-graph	2026-07-28	pending	-
8877ad7c	bintypes	IVfxFloatDriver	vfx-driver-graph	2026-07-28	pending	-
2503dc25	bintypes	IVfxRandomDriver	vfx-driver-graph	2026-07-28	pending	-
67ee2ddb	bintypes	IVfxShimmerGeometry	vfx-driver-graph	2026-07-28	pending	-
68eabd15	bintypes	IVfxVector2Driver	vfx-driver-graph	2026-07-28	pending	-
505f1532	bintypes	IVfxVector3Driver	vfx-driver-graph	2026-07-28	pending	-
c59dfcfb	bintypes	IVfxVector4Driver	vfx-driver-graph	2026-07-28	pending	-
eb0aabeb	bintypes	ShimmerEmitterDefinitionData	vfx-driver-graph	2026-07-28	pending	-
865c607b	bintypes	VfxAbsFloatDriver	vfx-driver-graph	2026-07-28	pending	-
dddee91a	bintypes	VfxAbsVector2Driver	vfx-driver-graph	2026-07-28	pending	-
d6443e1d	bintypes	VfxAbsVector3Driver	vfx-driver-graph	2026-07-28	pending	-
fa8f1b00	bintypes	VfxAbsVector4Driver	vfx-driver-graph	2026-07-28	pending	-
8ff177b6	bintypes	VfxAddFloatDriver	vfx-driver-graph	2026-07-28	pending	-
82905e5b	bintypes	VfxAddVector2Driver	vfx-driver-graph	2026-07-28	pending	-
c0a2ff18	bintypes	VfxAddVector3Driver	vfx-driver-graph	2026-07-28	pending	-
7bd6aa75	bintypes	VfxAddVector4Driver	vfx-driver-graph	2026-07-28	pending	-
7874d473	bintypes	VfxBasicPhysicsComponent	vfx-driver-graph	2026-07-28	pending	-
5024ba80	bintypes	VfxBeamBaseDefinitionData	vfx-driver-graph	2026-07-28	pending	-
f52cb77e	bintypes	VfxBurstSpawn	vfx-driver-graph	2026-07-28	pending	-
87fdc072	bintypes	VfxClampFloatDriver	vfx-driver-graph	2026-07-28	pending	-
bf052457	bintypes	VfxClampVector2Driver	vfx-driver-graph	2026-07-28	pending	-
9228bd44	bintypes	VfxClampVector3Driver	vfx-driver-graph	2026-07-28	pending	-
ec5fc819	bintypes	VfxClampVector4Driver	vfx-driver-graph	2026-07-28	pending	-
8b6cce68	bintypes	VfxColorConstantDriver	vfx-driver-graph	2026-07-28	pending	-
c06dcfdd	bintypes	VfxColorContainer	vfx-driver-graph	2026-07-28	pending	-
78c749ab	bintypes	VfxColorRgbConstantDriver	vfx-driver-graph	2026-07-28	pending	-
e168ec0e	bintypes	VfxColorRgbaDriver	vfx-driver-graph	2026-07-28	pending	-
6f4e4a08	bintypes	VfxDriverContainer	vfx-driver-graph	2026-07-28	pending	-
0eeaaebe	bintypes	VfxEmissionCylinder	vfx-driver-graph	2026-07-28	pending	-
d965d435	bintypes	VfxEmissionMesh	vfx-driver-graph	2026-07-28	pending	-
cd5a34f5	bintypes	VfxEmissionMeshData	vfx-driver-graph	2026-07-28	pending	-
56abfbd6	bintypes	VfxEmissionPoint	vfx-driver-graph	2026-07-28	pending	-
dbd91337	bintypes	VfxEmissionSkeleton	vfx-driver-graph	2026-07-28	pending	-
3df230bf	bintypes	VfxEmissionSkeletonData	vfx-driver-graph	2026-07-28	pending	-
5507b309	bintypes	VfxEmissionSkin	vfx-driver-graph	2026-07-28	pending	-
72a4bae5	bintypes	VfxEmissionSphere	vfx-driver-graph	2026-07-28	pending	-
fddb75c6	bintypes	VfxEmitterVelocityDriver	vfx-driver-graph	2026-07-28	pending	-
a0660647	bintypes	VfxFacingModeCameraAligned	vfx-driver-graph	2026-07-28	pending	-
91575b97	bintypes	VfxFacingModeCameraFacing	vfx-driver-graph	2026-07-28	pending	-
6a3a14b5	bintypes	VfxFacingModeViewAligned	vfx-driver-graph	2026-07-28	pending	-
ceeafc35	bintypes	VfxFloatConstantDriver	vfx-driver-graph	2026-07-28	pending	-
afe1d569	bintypes	VfxFloatDynamicProperty	vfx-driver-graph	2026-07-28	pending	-
ed986974	bintypes	VfxFloatEasingDriver	vfx-driver-graph	2026-07-28	pending	-
16d4ef9e	bintypes	VfxFloatFromVector4Driver	vfx-driver-graph	2026-07-28	pending	-
fb99008c	bintypes	VfxFloatLerpDriver	vfx-driver-graph	2026-07-28	pending	-
759b8cc5	bintypes	VfxFloatLogicDriver	vfx-driver-graph	2026-07-28	pending	-
ae0ba078	bintypes	VfxFloatSineDriver	vfx-driver-graph	2026-07-28	pending	-
9742cedc	bintypes	VfxFloatTimeDriver	vfx-driver-graph	2026-07-28	pending	-
2335a083	bintypes	VfxLaserDefinitionData	vfx-driver-graph	2026-07-28	pending	-
614f2da4	bintypes	VfxLengthVector2Driver	vfx-driver-graph	2026-07-28	pending	-
159d4bb7	bintypes	VfxLengthVector3Driver	vfx-driver-graph	2026-07-28	pending	-
e00db001	bintypes	VfxMaxFloatDriver	vfx-driver-graph	2026-07-28	pending	-
977663bc	bintypes	VfxMaxVector2Driver	vfx-driver-graph	2026-07-28	pending	-
d70daa4f	bintypes	VfxMaxVector3Driver	vfx-driver-graph	2026-07-28	pending	-
18b2682e	bintypes	VfxMaxVector4Driver	vfx-driver-graph	2026-07-28	pending	-
f5c05b93	bintypes	VfxMinFloatDriver	vfx-driver-graph	2026-07-28	pending	-
78f89502	bintypes	VfxMinVector2Driver	vfx-driver-graph	2026-07-28	pending	-
4a310da5	bintypes	VfxMinVector3Driver	vfx-driver-graph	2026-07-28	pending	-
2ec48688	bintypes	VfxMinVector4Driver	vfx-driver-graph	2026-07-28	pending	-
345362e9	bintypes	VfxMultiplyFloatDriver	vfx-driver-graph	2026-07-28	pending	-
6cd36214	bintypes	VfxMultiplyVector2Driver	vfx-driver-graph	2026-07-28	pending	-
06ff7de7	bintypes	VfxMultiplyVector3Driver	vfx-driver-graph	2026-07-28	pending	-
1f3f99e6	bintypes	VfxMultiplyVector4Driver	vfx-driver-graph	2026-07-28	pending	-
67b5bbcb	bintypes	VfxNormalizeVector2Driver	vfx-driver-graph	2026-07-28	pending	-
1c1ae0c8	bintypes	VfxNormalizeVector3Driver	vfx-driver-graph	2026-07-28	pending	-
fddcab18	bintypes	VfxPhysicsAttractionDefinitionData	vfx-driver-graph	2026-07-28	pending	-
73c4f0b3	bintypes	VfxPhysicsDragModifier	vfx-driver-graph	2026-07-28	pending	-
81d6c80f	bintypes	VfxPhysicsNoiseDefinitionData	vfx-driver-graph	2026-07-28	pending	-
56ca09bd	bintypes	VfxPhysicsOrbitModifier	vfx-driver-graph	2026-07-28	pending	-
83dea686	bintypes	VfxPhysicsPositionModifier	vfx-driver-graph	2026-07-28	pending	-
dd8c1257	bintypes	VfxPhysicsRotationModifier	vfx-driver-graph	2026-07-28	pending	-
0edbe61b	bintypes	VfxPhysicsScaleModifier	vfx-driver-graph	2026-07-28	pending	-
6a46c993	bintypes	VfxPhysicsSimpleModifier	vfx-driver-graph	2026-07-28	pending	-
9e7a207e	bintypes	VfxPhysicsVelocityModifier	vfx-driver-graph	2026-07-28	pending	-
b86f4f7f	bintypes	VfxPrimitiveLaser	vfx-driver-graph	2026-07-28	pending	-
a38a798c	bintypes	VfxPrimitiveRibbon	vfx-driver-graph	2026-07-28	pending	-
f67d2b9a	bintypes	VfxPropertyFloatDriver	vfx-driver-graph	2026-07-28	pending	-
ef7ad77c	bintypes	VfxPropertyVector3Driver	vfx-driver-graph	2026-07-28	pending	-
249c5111	bintypes	VfxPropertyVector4Driver	vfx-driver-graph	2026-07-28	pending	-
3fccf1e3	bintypes	VfxRenderParamVector4Driver	vfx-driver-graph	2026-07-28	pending	-
9789a09a	bintypes	VfxRibbonDefinitionData	vfx-driver-graph	2026-07-28	pending	-
c8d6a694	bintypes	VfxScaleVector2Driver	vfx-driver-graph	2026-07-28	pending	-
6302c267	bintypes	VfxScaleVector3Driver	vfx-driver-graph	2026-07-28	pending	-
eeadd18f	bintypes	VfxShimmerFacingMode	vfx-driver-graph	2026-07-28	pending	-
7f3cb96d	bintypes	VfxShimmerMeshBeamDefinitionData	vfx-driver-graph	2026-07-28	pending	-
32d4052e	bintypes	VfxShimmerPrimitiveAttachedMesh	vfx-driver-graph	2026-07-28	pending	-
adec1272	bintypes	VfxShimmerPrimitiveBase	vfx-driver-graph	2026-07-28	pending	-
710b2bc2	bintypes	VfxShimmerPrimitiveMesh	vfx-driver-graph	2026-07-28	pending	-
fd1cc89f	bintypes	VfxShimmerPrimitiveMeshBase	vfx-driver-graph	2026-07-28	pending	-
dba754d5	bintypes	VfxShimmerPrimitiveMeshBeam	vfx-driver-graph	2026-07-28	pending	-
576d0010	bintypes	VfxShimmerPrimitiveQuad	vfx-driver-graph	2026-07-28	pending	-
194508a4	bintypes	VfxVector2ConstantDriver	vfx-driver-graph	2026-07-28	pending	-
373272a6	bintypes	VfxVector2DynamicProperty	vfx-driver-graph	2026-07-28	pending	-
e3366d39	bintypes	VfxVector2EasingDriver	vfx-driver-graph	2026-07-28	pending	-
f7d1b1a5	bintypes	VfxVector2LerpDriver	vfx-driver-graph	2026-07-28	pending	-
55d35477	bintypes	VfxVector3ConstantDriver	vfx-driver-graph	2026-07-28	pending	-
67104c43	bintypes	VfxVector3DynamicProperty	vfx-driver-graph	2026-07-28	pending	-
6ee0055e	bintypes	VfxVector3EasingDriver	vfx-driver-graph	2026-07-28	pending	-
2045330e	bintypes	VfxVector3LerpDriver	vfx-driver-graph	2026-07-28	pending	-
0a953e0b	bintypes	VfxVector3LogicDriver	vfx-driver-graph	2026-07-28	pending	-
d2221304	bintypes	VfxVector4DynamicProperty	vfx-driver-graph	2026-07-28	pending	-
3f0a551f	bintypes	VfxVector4EasingDriver	vfx-driver-graph	2026-07-28	pending	-
3bfdd393	bintypes	VfxVector4LerpDriver	vfx-driver-graph	2026-07-28	pending	-
20cda9b0	bintypes	VfxVector4LogicDriver	vfx-driver-graph	2026-07-28	pending	-
cd481b33	bintypes	VfxVector4PropertyDriver	vfx-driver-graph	2026-07-28	pending	-
51e9b98e	binfields	WadDependencies	vfx-driver-graph	2026-07-28	pending	-
5d8b6dab	binfields	alpha	vfx-driver-graph	2026-07-28	pending	-
f95b6c8b	binfields	animCurve	vfx-driver-graph	2026-07-28	pending	-
b24341c8	binfields	animationDimensions	vfx-driver-graph	2026-07-28	pending	-
79ed2e39	binfields	applyDrag	vfx-driver-graph	2026-07-28	pending	-
b7c14674	binfields	attractionAcceleration	vfx-driver-graph	2026-07-28	pending	-
aeefa0e6	binfields	attractionRadius	vfx-driver-graph	2026-07-28	pending	-
a75279fa	binfields	beam	vfx-driver-graph	2026-07-28	pending	-
5b593ba8	binfields	colorOverLife	vfx-driver-graph	2026-07-28	pending	-
3498512b	binfields	distribution	vfx-driver-graph	2026-07-28	pending	-
acee2354	binfields	distributionMode	vfx-driver-graph	2026-07-28	pending	-
88c7215d	binfields	divisor	vfx-driver-graph	2026-07-28	pending	-
af6469c4	binfields	drivers	vfx-driver-graph	2026-07-28	pending	-
ff0af490	binfields	easingFunction	vfx-driver-graph	2026-07-28	pending	-
0f0e454c	binfields	emissionRate	vfx-driver-graph	2026-07-28	pending	-
21af2f43	binfields	emissionSource	vfx-driver-graph	2026-07-28	pending	-
7fa67a85	binfields	emitterDuration	vfx-driver-graph	2026-07-28	pending	-
363b38d6	binfields	emitterLifetime	vfx-driver-graph	2026-07-28	pending	-
6365206c	binfields	emitterPeriod	vfx-driver-graph	2026-07-28	pending	-
2b1b533a	binfields	enableNode	vfx-driver-graph	2026-07-28	pending	-
b8aa6948	binfields	facingMode	vfx-driver-graph	2026-07-28	pending	-
0b069958	binfields	false	vfx-driver-graph	2026-07-28	pending	-
a6c45d85	binfields	float	vfx-driver-graph	2026-07-28	pending	-
8144ce88	binfields	floatProperty	vfx-driver-graph	2026-07-28	pending	-
95cd8075	binfields	from	vfx-driver-graph	2026-07-28	pending	-
5e6ab845	binfields	heightOffset	vfx-driver-graph	2026-07-28	pending	-
3dddb9fd	binfields	high	vfx-driver-graph	2026-07-28	pending	-
fb40f022	binfields	includeCaps	vfx-driver-graph	2026-07-28	pending	-
759ff1df	binfields	initialAcceleration	vfx-driver-graph	2026-07-28	pending	-
3e590ae1	binfields	initialDrag	vfx-driver-graph	2026-07-28	pending	-
7170a81b	binfields	initialParameters	vfx-driver-graph	2026-07-28	pending	-
5176379d	binfields	initialRotation	vfx-driver-graph	2026-07-28	pending	-
ea0b5c3b	binfields	initialScale	vfx-driver-graph	2026-07-28	pending	-
11b9a054	binfields	initialVelocity	vfx-driver-graph	2026-07-28	pending	-
b6c2c9a1	binfields	introDuration	vfx-driver-graph	2026-07-28	pending	-
44780383	binfields	isUniform	vfx-driver-graph	2026-07-28	pending	-
b8314653	binfields	jointMask	vfx-driver-graph	2026-07-28	pending	-
56280f9b	binfields	keyedDrag	vfx-driver-graph	2026-07-28	pending	-
5546f441	binfields	keyedParameters	vfx-driver-graph	2026-07-28	pending	-
b4bc0449	binfields	keyedScale	vfx-driver-graph	2026-07-28	pending	-
9dac718c	binfields	laser	vfx-driver-graph	2026-07-28	pending	-
124aec70	binfields	left	vfx-driver-graph	2026-07-28	pending	-
986002d8	binfields	lifetimeBehavior	vfx-driver-graph	2026-07-28	pending	-
37885f1c	binfields	localAcceleration	vfx-driver-graph	2026-07-28	pending	-
bfc92e63	binfields	logicDriver	vfx-driver-graph	2026-07-28	pending	-
b0585aea	binfields	loopDelay	vfx-driver-graph	2026-07-28	pending	-
4f516a81	binfields	low	vfx-driver-graph	2026-07-28	pending	-
1f14dbe7	binfields	materialContainer	vfx-driver-graph	2026-07-28	pending	-
a100bebc	binfields	mesh	vfx-driver-graph	2026-07-28	pending	-
904416d1	binfields	noise	vfx-driver-graph	2026-07-28	pending	-
d6b1e82e	binfields	noiseVector	vfx-driver-graph	2026-07-28	pending	-
d69a87d8	binfields	outroDuration	vfx-driver-graph	2026-07-28	pending	-
4e0e3632	binfields	param	vfx-driver-graph	2026-07-28	pending	-
7471eac6	binfields	remap	vfx-driver-graph	2026-07-28	pending	-
46f9077c	binfields	rgb	vfx-driver-graph	2026-07-28	pending	-
42b4cb29	binfields	ribbon	vfx-driver-graph	2026-07-28	pending	-
78e32de5	binfields	right	vfx-driver-graph	2026-07-28	pending	-
1d59898a	binfields	scaleFactor	vfx-driver-graph	2026-07-28	pending	-
11c2662d	binfields	select	vfx-driver-graph	2026-07-28	pending	-
a8d060cb	binfields	shapeCenter	vfx-driver-graph	2026-07-28	pending	-
d9ee6a8f	binfields	shareRandom	vfx-driver-graph	2026-07-28	pending	-
78c1a5ee	binfields	skeletonData	vfx-driver-graph	2026-07-28	pending	-
efd909e8	binfields	spawnDuration	vfx-driver-graph	2026-07-28	pending	-
93e05f71	binfields	switch	vfx-driver-graph	2026-07-28	pending	-
5d3c9be4	binfields	time	vfx-driver-graph	2026-07-28	pending	-
42454824	binfields	to	vfx-driver-graph	2026-07-28	pending	-
4db211e5	binfields	true	vfx-driver-graph	2026-07-28	pending	-
e60c4bed	binfields	uniformDistribution	vfx-driver-graph	2026-07-28	pending	-
0b248040	binfields	uvAnimation	vfx-driver-graph	2026-07-28	pending	-
26188390	binfields	vector2	vfx-driver-graph	2026-07-28	pending	-
e7302df4	binfields	vector2Input	vfx-driver-graph	2026-07-28	pending	-
27188523	binfields	vector3	vfx-driver-graph	2026-07-28	pending	-
49376201	binfields	vector3Input	vfx-driver-graph	2026-07-28	pending	-
ba5a69aa	binfields	vector3Property	vfx-driver-graph	2026-07-28	pending	-
2c188d02	binfields	vector4	vfx-driver-graph	2026-07-28	pending	-
bb2a70a6	binfields	vector4Input	vfx-driver-graph	2026-07-28	pending	-
c050e5f7	binfields	vector4Property	vfx-driver-graph	2026-07-28	pending	-
ad790f5d	binfields	velocityThreshold	vfx-driver-graph	2026-07-28	pending	-
f20c3f36	binfields	w	vfx-driver-graph	2026-07-28	pending	-
a99b42a4	binfields	worldVelocity	vfx-driver-graph	2026-07-28	pending	-
fd0c5087	binfields	x	vfx-driver-graph	2026-07-28	pending	-
fc0c4ef4	binfields	y	vfx-driver-graph	2026-07-28	pending	-
ff0c53ad	binfields	z	vfx-driver-graph	2026-07-28	pending	-
5a68002e	binfields	zw	vfx-driver-graph	2026-07-28	pending	-

# gameplay-texture
ed892164	binfields	GameplayTexture	gameplay-texture	2026-07-29	pending	-
ff5060b7	bintypes	GameplayTextureChannel	gameplay-texture	2026-07-29	pending	-
8d65d994	bintypes	GameplayTextureSampler	gameplay-texture	2026-07-29	pending	-
d59587e0	bintypes	MapGameplayTexture	gameplay-texture	2026-07-29	pending	-
bc3b7fdc	binfields	ShaderParameterOverrides	gameplay-texture	2026-07-29	pending	-

# map-graphics-unproven
a8efd56d	bintypes	MapAntiAliasing	map-graphics-unproven	2026-07-29	pending	-
8536b021	binfields	RenderTargetSize	map-graphics-unproven	2026-07-29	pending	-

# meta-delta-16.14
7be73b55	binfields	AbilityDescription	meta-delta-16.14	2026-07-29	pending	-
4680aae9	binfields	AbilityInfo	meta-delta-16.14	2026-07-29	pending	-
95037aaa	binfields	BindingInstances	meta-delta-16.14	2026-07-29	pending	-
35a4393b	binfields	BoxSize	meta-delta-16.14	2026-07-29	pending	-
99380614	binfields	Curve	meta-delta-16.14	2026-07-29	pending	-
ae9e3c26	bintypes	CurveFloat	meta-delta-16.14	2026-07-29	pending	-
311ef6d4	bintypes	CurveScaledFloat	meta-delta-16.14	2026-07-29	pending	-
3965005a	binfields	DampingEnd	meta-delta-16.14	2026-07-29	pending	-
9ccb16cf	binfields	DampingStart	meta-delta-16.14	2026-07-29	pending	-
408a4521	bintypes	DynamicsChainProperties	meta-delta-16.14	2026-07-29	pending	-
09188776	bintypes	DynamicsChainRigPoseModifierData	meta-delta-16.14	2026-07-29	pending	-
339ecf91	bintypes	DynamicsJointTreeData	meta-delta-16.14	2026-07-29	pending	-
66cbd003	bintypes	EndEventBlock	meta-delta-16.14	2026-07-29	pending	-
0e80eddb	binfields	FillMode	meta-delta-16.14	2026-07-29	pending	-
7c9bcfd5	binfields	InterpModes	meta-delta-16.14	2026-07-29	pending	-
e6147387	bintypes	JointOrientationRigPoseModifierData	meta-delta-16.14	2026-07-29	pending	-
ac1dcf05	binfields	JointRadius	meta-delta-16.14	2026-07-29	pending	-
8d6db3ea	binfields	JointRadiusEnd	meta-delta-16.14	2026-07-29	pending	-
4c1ddc1f	binfields	JointRadiusStart	meta-delta-16.14	2026-07-29	pending	-
276c3fc7	binfields	LeashShape	meta-delta-16.14	2026-07-29	pending	-
cfd1d6cf	binfields	LimitAngle	meta-delta-16.14	2026-07-29	pending	-
b519cb5c	binfields	LimitAngleEnd	meta-delta-16.14	2026-07-29	pending	-
65887d65	binfields	LimitAngleStart	meta-delta-16.14	2026-07-29	pending	-
cda5dc7f	binfields	PortraitMaterial	meta-delta-16.14	2026-07-29	pending	-
9e0306ba	binfields	PortraitOverlay	meta-delta-16.14	2026-07-29	pending	-
834f3ed8	binfields	SourceVariable	meta-delta-16.14	2026-07-29	pending	-
6962a32b	binfields	StiffnessEnd	meta-delta-16.14	2026-07-29	pending	-
cf47a91e	binfields	StiffnessStart	meta-delta-16.14	2026-07-29	pending	-
d32ade2a	binfields	Stretch	meta-delta-16.14	2026-07-29	pending	-
5b921cd7	binfields	StretchEnd	meta-delta-16.14	2026-07-29	pending	-
0b633052	binfields	StretchStart	meta-delta-16.14	2026-07-29	pending	-
1eb28c44	binfields	StrikeThrough	meta-delta-16.14	2026-07-29	pending	-
cd25febc	bintypes	TooltipInstanceSpec	meta-delta-16.14	2026-07-29	pending	-
0c71253f	binfields	UseCurve	meta-delta-16.14	2026-07-29	pending	-
7d425097	binfields	VariableDefaults	meta-delta-16.14	2026-07-29	pending	-
4a3e3da9	bintypes	VfxEmissionBox	meta-delta-16.14	2026-07-29	pending	-
94ef68f9	bintypes	VfxPhysicsAccelerationModifier	meta-delta-16.14	2026-07-29	pending	-
ed8cff9f	bintypes	VfxPhysicsFollowTerrainModifier	meta-delta-16.14	2026-07-29	pending	-
d240e044	bintypes	VfxPhysicsGroundCollisionModifier	meta-delta-16.14	2026-07-29	pending	-
d4c2cd54	bintypes	VfxPhysicsWorldSpaceTranslationModifier	meta-delta-16.14	2026-07-29	pending	-

# meta-delta-16.14-unproven
2de6fb1a	binfields	CollisionForce	meta-delta-16.14-unproven	2026-07-29	pending	-
2761403d	bintypes	PropertyTraits	meta-delta-16.14-unproven	2026-07-29	pending	-
75895412	bintypes	WardSkin	meta-delta-16.14-unproven	2026-07-29	pending	-

# propertyloadable-ui
e75836d4	bintypes	GameEntityTemplateLocatorPreview	propertyloadable-ui	2026-07-29	submitted	https://github.com/CommunityDragon/Data/pull/36
de5dac9e	bintypes	GameEntityTemplateProxyLink	propertyloadable-ui	2026-07-29	submitted	https://github.com/CommunityDragon/Data/pull/36
c7a79d2b	bintypes	GameScreenContainerBase	propertyloadable-ui	2026-07-29	submitted	https://github.com/CommunityDragon/Data/pull/36
65c802be	bintypes	IGameScreenNode	propertyloadable-ui	2026-07-29	submitted	https://github.com/CommunityDragon/Data/pull/36
7ec8e5ed	bintypes	UiBehavior	propertyloadable-ui	2026-07-29	submitted	https://github.com/CommunityDragon/Data/pull/36
174c7096	bintypes	UiComponent	propertyloadable-ui	2026-07-29	submitted	https://github.com/CommunityDragon/Data/pull/36
