hash    	name                                                        	batch                         	cracked   	status   	pr
2eddea64	AllowedSpells                                               	game-entity-sweep             	2026-07-20	pending  	-
801b0cad	Buffs                                                       	game-entity-sweep             	2026-07-20	pending  	-
4310d45d	CasterRequirements                                          	game-entity-sweep             	2026-07-20	pending  	-
d4db947d	ColorblindTexturePath                                       	game-entity-sweep             	2026-07-20	pending  	-
363f1e09	CompletedItem                                               	game-entity-sweep             	2026-07-20	pending  	-
55d13682	ConditionalElements                                         	game-entity-sweep             	2026-07-20	pending  	-
0c247b0b	ConditionalScale                                            	game-entity-sweep             	2026-07-20	pending  	-
38725935	ControlsScene                                               	game-entity-sweep             	2026-07-20	pending  	-
9641b3c4	DefType                                                     	game-entity-sweep             	2026-07-20	pending  	-
f688ec43	DisabledOverlay                                             	game-entity-sweep             	2026-07-20	pending  	-
f4019c2e	DisabledSubtext                                             	game-entity-sweep             	2026-07-20	pending  	-
b3ddaeab	EquipTraKey                                                 	game-entity-sweep             	2026-07-20	pending  	-
a02b6406	FeaturesList                                                	game-entity-sweep             	2026-07-20	pending  	-
0ccdd309	FilledTicks                                                 	game-entity-sweep             	2026-07-20	pending  	-
b99d8552	Format                                                      	game-entity-sweep             	2026-07-20	pending  	-
162f520d	GameplayRegion                                              	game-entity-sweep             	2026-07-20	pending  	-
5ad3db8d	Groupings                                                   	game-entity-sweep             	2026-07-20	pending  	-
d5411c8f	Holder                                                      	game-entity-sweep             	2026-07-20	pending  	-
02a6ce85	IconsList                                                   	game-entity-sweep             	2026-07-20	pending  	-
f6e17fdc	InProgressIcon                                              	game-entity-sweep             	2026-07-20	pending  	-
fbc9eeef	InSequence                                                  	game-entity-sweep             	2026-07-20	pending  	-
1fe7164e	InteractionTarget                                           	game-entity-sweep             	2026-07-20	pending  	-
4644eb92	ItemCounts                                                  	game-entity-sweep             	2026-07-20	pending  	-
5307f5e1	KeybindSet                                                  	game-entity-sweep             	2026-07-20	pending  	-
82d6dcb0	Keybinds                                                    	game-entity-sweep             	2026-07-20	pending  	-
554b1325	LocKeys                                                     	game-entity-sweep             	2026-07-20	pending  	-
ce96732e	MagicalDamageEnhanced                                       	game-entity-sweep             	2026-07-20	pending  	-
22a237ce	MaximumRange                                                	game-entity-sweep             	2026-07-20	pending  	-
377d1a73	MinScaleChange                                              	game-entity-sweep             	2026-07-20	pending  	-
636f6a90	ModifiersGroup                                              	game-entity-sweep             	2026-07-20	pending  	-
cee348f4	NamedTeams                                                  	game-entity-sweep             	2026-07-20	pending  	-
b818e45a	OptionLayout                                                	game-entity-sweep             	2026-07-20	pending  	-
2d4bc6e6	OutSequence                                                 	game-entity-sweep             	2026-07-20	pending  	-
5b2e77af	PropPath                                                    	game-entity-sweep             	2026-07-20	pending  	-
3f65fe98	RandomizeButton                                             	game-entity-sweep             	2026-07-20	pending  	-
725d1942	RewardsGroup                                                	game-entity-sweep             	2026-07-20	pending  	-
eac7c160	ScrollRegion                                                	game-entity-sweep             	2026-07-20	pending  	-
e0ece3d9	SearchBarGroup                                              	game-entity-sweep             	2026-07-20	pending  	-
8c61159d	SourcesList                                                 	game-entity-sweep             	2026-07-20	pending  	-
f5d0c797	StatLocalizations                                           	game-entity-sweep             	2026-07-20	pending  	-
436cd370	StatTra                                                     	game-entity-sweep             	2026-07-20	pending  	-
a1832a8c	StatValue                                                   	game-entity-sweep             	2026-07-20	pending  	-
77f310ef	StateMachine                                                	game-entity-sweep             	2026-07-20	pending  	-
cc6fee26	TeammateSpectator                                           	game-entity-sweep             	2026-07-20	pending  	-
138a7d5f	TeamsConfig                                                 	game-entity-sweep             	2026-07-20	pending  	-
c44cfe37	TeamsLayout                                                 	game-entity-sweep             	2026-07-20	pending  	-
397d10d8	TiersLayout                                                 	game-entity-sweep             	2026-07-20	pending  	-
e8de69a5	TraName                                                     	game-entity-sweep             	2026-07-20	pending  	-
25a09a75	AbilityResourceSlot                                         	pre-ledger-backlog            	2026-07-20	pending  	-
b3ec72b9	AbilityResourceType                                         	pre-ledger-backlog            	2026-07-20	pending  	-
ee151102	ActionOnStart                                               	pre-ledger-backlog            	2026-07-20	pending  	-
dad3f6bb	ActivateActions                                             	pre-ledger-backlog            	2026-07-20	pending  	-
888d3a04	ActivateButton                                              	pre-ledger-backlog            	2026-07-20	pending  	-
eb01e454	ActivationSfx                                               	pre-ledger-backlog            	2026-07-20	pending  	-
74037860	ActivationThreshold                                         	pre-ledger-backlog            	2026-07-20	pending  	-
6c8efc75	ActivationType                                              	pre-ledger-backlog            	2026-07-20	pending  	-
96b1f469	ActiveBorder                                                	pre-ledger-backlog            	2026-07-20	pending  	-
c26f983e	ActiveColor                                                 	pre-ledger-backlog            	2026-07-20	pending  	-
6d62bdb4	ActiveFrame                                                 	pre-ledger-backlog            	2026-07-20	pending  	-
d8b7cfd7	ActiveIcons                                                 	pre-ledger-backlog            	2026-07-20	pending  	-
9c767a76	ActiveMaterial                                              	pre-ledger-backlog            	2026-07-20	pending  	-
2c41f9d3	ActivePing                                                  	pre-ledger-backlog            	2026-07-20	pending  	-
06d4a62e	ActiveTooltip                                               	pre-ledger-backlog            	2026-07-20	pending  	-
8c4da8f8	ActiveTra                                                   	pre-ledger-backlog            	2026-07-20	pending  	-
e404f145	ActiveUi                                                    	pre-ledger-backlog            	2026-07-20	pending  	-
78811384	AdditionalData                                              	pre-ledger-backlog            	2026-07-20	pending  	-
2920447a	AdditionalRotation                                          	pre-ledger-backlog            	2026-07-20	pending  	-
c5b58261	AdditionalSettings                                          	pre-ledger-backlog            	2026-07-20	pending  	-
ddb9d277	AdditionalStats                                             	pre-ledger-backlog            	2026-07-20	pending  	-
79347a3f	AdditiveVfx                                                 	pre-ledger-backlog            	2026-07-20	pending  	-
199c85a4	AdditiveVfxs                                                	pre-ledger-backlog            	2026-07-20	pending  	-
4ab787f3	AffectsStatus                                               	pre-ledger-backlog            	2026-07-20	pending  	-
9a6a9339	AffectsType                                                 	pre-ledger-backlog            	2026-07-20	pending  	-
0be0de52	AlignX                                                      	pre-ledger-backlog            	2026-07-20	pending  	-
0ce0dfe5	AlignY                                                      	pre-ledger-backlog            	2026-07-20	pending  	-
dd85c53b	AliveMaterial                                               	pre-ledger-backlog            	2026-07-20	pending  	-
e21f1d86	AllowEmitterRotation                                        	pre-ledger-backlog            	2026-07-20	pending  	-
4cf24bd7	AllowInactive                                               	pre-ledger-backlog            	2026-07-20	pending  	-
302afbcd	AllyIndex                                                   	pre-ledger-backlog            	2026-07-20	pending  	-
3360db7e	AlphaCutoff                                                 	pre-ledger-backlog            	2026-07-20	pending  	-
e630d0a5	AlphaOnly                                                   	pre-ledger-backlog            	2026-07-20	pending  	-
e9faf118	AlphaSliceRange                                             	pre-ledger-backlog            	2026-07-20	pending  	-
2ff43743	AlternativeTooltip                                          	pre-ledger-backlog            	2026-07-20	pending  	-
696972ed	AnchorStrawberry                                            	pre-ledger-backlog            	2026-07-20	pending  	-
1ccc919a	AnimatedTitle                                               	pre-ledger-backlog            	2026-07-20	pending  	-
25fdb38f	AnimationConfig                                             	pre-ledger-backlog            	2026-07-20	pending  	-
a7cdb46f	AnonymousTra                                                	pre-ledger-backlog            	2026-07-20	pending  	-
f359eded	ArcElement                                                  	pre-ledger-backlog            	2026-07-20	pending  	-
84542686	Arrow                                                       	pre-ledger-backlog            	2026-07-20	pending  	-
372ea7c1	AssociatedTrait                                             	pre-ledger-backlog            	2026-07-20	pending  	-
d631c93e	AtakhanIcon                                                 	pre-ledger-backlog            	2026-07-20	pending  	-
47dac7e3	AtakhanScore                                                	pre-ledger-backlog            	2026-07-20	pending  	-
90fce2a4	AtakhanValue                                                	pre-ledger-backlog            	2026-07-20	pending  	-
9ea6766d	AttachTo                                                    	pre-ledger-backlog            	2026-07-20	pending  	-
55001320	AudioBanks                                                  	pre-ledger-backlog            	2026-07-20	pending  	-
9bfe08c0	AugmentList                                                 	pre-ledger-backlog            	2026-07-20	pending  	-
cce2113c	AugmentPillar                                               	pre-ledger-backlog            	2026-07-20	pending  	-
2d96f463	AugmentRarities                                             	pre-ledger-backlog            	2026-07-20	pending  	-
8eb174a9	AutoAttackMode                                              	pre-ledger-backlog            	2026-07-20	pending  	-
f85b5e9b	AutomaticallyStarts                                         	pre-ledger-backlog            	2026-07-20	pending  	-
fd597a5a	AvailableStatus                                             	pre-ledger-backlog            	2026-07-20	pending  	-
a1072a5e	BackgroundPath                                              	pre-ledger-backlog            	2026-07-20	pending  	-
b8e42d01	BackgroundPos                                               	pre-ledger-backlog            	2026-07-20	pending  	-
57e55d3c	BackgroundSpine                                             	pre-ledger-backlog            	2026-07-20	pending  	-
e6dbf566	Backlight                                                   	pre-ledger-backlog            	2026-07-20	pending  	-
7d7eabcb	Backpack                                                    	pre-ledger-backlog            	2026-07-20	pending  	-
ca451de5	BannedAugments                                              	pre-ledger-backlog            	2026-07-20	pending  	-
5d22440e	BannedCharacterRecords                                      	pre-ledger-backlog            	2026-07-20	pending  	-
d47ce07c	BannerFrameData                                             	pre-ledger-backlog            	2026-07-20	pending  	-
02f69cf6	BannerGroup                                                 	pre-ledger-backlog            	2026-07-20	pending  	-
232bdbbe	BannerIcon                                                  	pre-ledger-backlog            	2026-07-20	pending  	-
4397646b	BarracksProperty                                            	pre-ledger-backlog            	2026-07-20	pending  	-
371f336e	BindInfo                                                    	pre-ledger-backlog            	2026-07-20	pending  	-
a1fa32f0	BirthRandomStartFrame                                       	pre-ledger-backlog            	2026-07-20	pending  	-
cc2ddcc0	BlendData                                                   	pre-ledger-backlog            	2026-07-20	pending  	-
bceaaa2a	BlockButton                                                 	pre-ledger-backlog            	2026-07-20	pending  	-
c8c453d3	BoardButton                                                 	pre-ledger-backlog            	2026-07-20	pending  	-
7c666488	Boards                                                      	pre-ledger-backlog            	2026-07-20	pending  	-
625b5b86	BorderColor                                                 	pre-ledger-backlog            	2026-07-20	pending  	-
2189347e	BorderGroup                                                 	pre-ledger-backlog            	2026-07-20	pending  	-
dbd3d5f3	BossCharacter                                               	pre-ledger-backlog            	2026-07-20	pending  	-
f31c8cd4	BossData                                                    	pre-ledger-backlog            	2026-07-20	pending  	-
56b00b47	BossName                                                    	pre-ledger-backlog            	2026-07-20	pending  	-
76ecf423	BotDifficultyLevel                                          	pre-ledger-backlog            	2026-07-20	pending  	-
61c10808	BotSpellTag                                                 	pre-ledger-backlog            	2026-07-20	pending  	-
5c83cddd	BottomGroup                                                 	pre-ledger-backlog            	2026-07-20	pending  	-
4154c75c	BoundsRegion                                                	pre-ledger-backlog            	2026-07-20	pending  	-
ae8418d9	BountyGroup                                                 	pre-ledger-backlog            	2026-07-20	pending  	-
ba83bc27	BountyValue                                                 	pre-ledger-backlog            	2026-07-20	pending  	-
cf85d043	Buddies                                                     	pre-ledger-backlog            	2026-07-20	pending  	-
5e5ae1f7	BuddiesGrid                                                 	pre-ledger-backlog            	2026-07-20	pending  	-
ec2d0720	BuffCaster                                                  	pre-ledger-backlog            	2026-07-20	pending  	-
b3a67af3	BuffCount                                                   	pre-ledger-backlog            	2026-07-20	pending  	-
6ce00bf0	BuffCounter                                                 	pre-ledger-backlog            	2026-07-20	pending  	-
d6b6109c	BuffLink                                                    	pre-ledger-backlog            	2026-07-20	pending  	-
d21ec815	BuffTarget                                                  	pre-ledger-backlog            	2026-07-20	pending  	-
885aa2aa	BuffVars                                                    	pre-ledger-backlog            	2026-07-20	pending  	-
f61e9624	ButtonTarget                                                	pre-ledger-backlog            	2026-07-20	pending  	-
6166b756	Calculation                                                 	pre-ledger-backlog            	2026-07-20	pending  	-
dabb5d78	CameraDamping                                               	pre-ledger-backlog            	2026-07-20	pending  	-
e1fb2076	CameraMass                                                  	pre-ledger-backlog            	2026-07-20	pending  	-
41dfbe54	CameraPos                                                   	pre-ledger-backlog            	2026-07-20	pending  	-
4e3b1910	CameraRes                                                   	pre-ledger-backlog            	2026-07-20	pending  	-
480698c7	CameraStiffness                                             	pre-ledger-backlog            	2026-07-20	pending  	-
5793fe9f	CameraUpdater                                               	pre-ledger-backlog            	2026-07-20	pending  	-
56215037	CardRegion                                                  	pre-ledger-backlog            	2026-07-20	pending  	-
7aef16a8	Caret                                                       	pre-ledger-backlog            	2026-07-20	pending  	-
c62ec87b	CaretOffset                                                 	pre-ledger-backlog            	2026-07-20	pending  	-
a3dafbbb	CarouselButton                                              	pre-ledger-backlog            	2026-07-20	pending  	-
9165a7c4	CastAction                                                  	pre-ledger-backlog            	2026-07-20	pending  	-
03bd33b1	CastE                                                       	pre-ledger-backlog            	2026-07-20	pending  	-
00bd2ef8	CastF                                                       	pre-ledger-backlog            	2026-07-20	pending  	-
9541ad14	CastItem1                                                   	pre-ledger-backlog            	2026-07-20	pending  	-
9841b1cd	CastItem2                                                   	pre-ledger-backlog            	2026-07-20	pending  	-
9741b03a	CastItem3                                                   	pre-ledger-backlog            	2026-07-20	pending  	-
9241a85b	CastItem4                                                   	pre-ledger-backlog            	2026-07-20	pending  	-
9141a6c8	CastItem5                                                   	pre-ledger-backlog            	2026-07-20	pending  	-
9441ab81	CastItem6                                                   	pre-ledger-backlog            	2026-07-20	pending  	-
14bd4e74	CastR                                                       	pre-ledger-backlog            	2026-07-20	pending  	-
591f8423	CastRangeOverride                                           	pre-ledger-backlog            	2026-07-20	pending  	-
bd509cb6	CastRequirements                                            	pre-ledger-backlog            	2026-07-20	pending  	-
e7e90aee	CastShadow                                                  	pre-ledger-backlog            	2026-07-20	pending  	-
3a3c1fee	CastType                                                    	pre-ledger-backlog            	2026-07-20	pending  	-
11bd49bb	CastW                                                       	pre-ledger-backlog            	2026-07-20	pending  	-
1558b9d3	CenterText                                                  	pre-ledger-backlog            	2026-07-20	pending  	-
65b78965	CeremonyLink                                                	pre-ledger-backlog            	2026-07-20	pending  	-
4f0e44f5	ChampionsLayout                                             	pre-ledger-backlog            	2026-07-20	pending  	-
04681146	ChaosSequence                                               	pre-ledger-backlog            	2026-07-20	pending  	-
13a1bb9a	CharacterProbe                                              	pre-ledger-backlog            	2026-07-20	pending  	-
9bc68be3	ChatRegion                                                  	pre-ledger-backlog            	2026-07-20	pending  	-
928eb9b4	CheatList                                                   	pre-ledger-backlog            	2026-07-20	pending  	-
d1519ad2	CheckMark                                                   	pre-ledger-backlog            	2026-07-20	pending  	-
1418c47f	Chroma                                                      	pre-ledger-backlog            	2026-07-20	pending  	-
c3a944e7	ChromaData                                                  	pre-ledger-backlog            	2026-07-20	pending  	-
debd7dbe	ClientData                                                  	pre-ledger-backlog            	2026-07-20	pending  	-
e6f743fc	ClippingGuard                                               	pre-ledger-backlog            	2026-07-20	pending  	-
72729cf8	ClockDefinition                                             	pre-ledger-backlog            	2026-07-20	pending  	-
8d57d389	ClosedPing                                                  	pre-ledger-backlog            	2026-07-20	pending  	-
3c475337	ClosestDistance                                             	pre-ledger-backlog            	2026-07-20	pending  	-
eb8dc96c	Coc                                                         	pre-ledger-backlog            	2026-07-20	pending  	-
095a8cab	ColorScales                                                 	pre-ledger-backlog            	2026-07-20	pending  	-
a74bc193	ColorTexture                                                	pre-ledger-backlog            	2026-07-20	pending  	-
c170f95e	ColumnCount                                                 	pre-ledger-backlog            	2026-07-20	pending  	-
4e748038	CombatGroup                                                 	pre-ledger-backlog            	2026-07-20	pending  	-
a2e2709c	CommandFinisherAnimation                                    	pre-ledger-backlog            	2026-07-20	pending  	-
6173f330	CommonLoadable                                              	pre-ledger-backlog            	2026-07-20	pending  	-
8760c87a	CompareUnit                                                 	pre-ledger-backlog            	2026-07-20	pending  	-
b7a1ea38	CompleteBorder                                              	pre-ledger-backlog            	2026-07-20	pending  	-
d77ad395	CompleteColor                                               	pre-ledger-backlog            	2026-07-20	pending  	-
6b8663cf	CompleteIcon                                                	pre-ledger-backlog            	2026-07-20	pending  	-
5efd6ee0	Component                                                   	pre-ledger-backlog            	2026-07-20	pending  	-
49412a59	ComponentOverrides                                          	pre-ledger-backlog            	2026-07-20	pending  	-
d1edd5db	Comps                                                       	pre-ledger-backlog            	2026-07-20	pending  	-
a3383d13	Concept                                                     	pre-ledger-backlog            	2026-07-20	pending  	-
7c8a1308	ConceptObject                                               	pre-ledger-backlog            	2026-07-20	pending  	-
9eb3235e	ConditionData                                               	pre-ledger-backlog            	2026-07-20	pending  	-
0e13846e	ConditionOperator                                           	pre-ledger-backlog            	2026-07-20	pending  	-
11ca9f3d	ConnectedNodes                                              	pre-ledger-backlog            	2026-07-20	pending  	-
6152a19f	ContentTypeIcon                                             	pre-ledger-backlog            	2026-07-20	pending  	-
137bf219	ContentTypeText                                             	pre-ledger-backlog            	2026-07-20	pending  	-
f34f5793	ContinueText                                                	pre-ledger-backlog            	2026-07-20	pending  	-
89ba4a26	ControlSet                                                  	pre-ledger-backlog            	2026-07-20	pending  	-
65cd1e65	ControlVector2                                              	pre-ledger-backlog            	2026-07-20	pending  	-
642004df	CooldownMessage                                             	pre-ledger-backlog            	2026-07-20	pending  	-
ea13124a	CooldownStatus                                              	pre-ledger-backlog            	2026-07-20	pending  	-
f31321aa	CosmeticDuration                                            	pre-ledger-backlog            	2026-07-20	pending  	-
eaefb0c9	CostIcon                                                    	pre-ledger-backlog            	2026-07-20	pending  	-
70fa4e8c	CraftIcon                                                   	pre-ledger-backlog            	2026-07-20	pending  	-
d58eab1d	CrestUp                                                     	pre-ledger-backlog            	2026-07-20	pending  	-
5e2da6e3	CurrencyIcon                                                	pre-ledger-backlog            	2026-07-20	pending  	-
d0596065	CurrencyText                                                	pre-ledger-backlog            	2026-07-20	pending  	-
1475bab7	CurrencyValue                                               	pre-ledger-backlog            	2026-07-20	pending  	-
e25f9f09	CurrentCamera                                               	pre-ledger-backlog            	2026-07-20	pending  	-
a413accd	CurrentGroup                                                	pre-ledger-backlog            	2026-07-20	pending  	-
0a93f677	CurrentIcon                                                 	pre-ledger-backlog            	2026-07-20	pending  	-
996a8f3f	CurrentLevelText                                            	pre-ledger-backlog            	2026-07-20	pending  	-
a09e1bbf	CurrentPip                                                  	pre-ledger-backlog            	2026-07-20	pending  	-
e23ce27f	CurrentSeason                                               	pre-ledger-backlog            	2026-07-20	pending  	-
69b0a839	CustomDropRate                                              	pre-ledger-backlog            	2026-07-20	pending  	-
629094b5	CustomTooltip                                               	pre-ledger-backlog            	2026-07-20	pending  	-
c70f6a1e	DailyLoginViewController                                    	pre-ledger-backlog            	2026-07-20	pending  	-
3c0023cb	DamageOvertime                                              	pre-ledger-backlog            	2026-07-20	pending  	-
0ea3d3f5	DamagePrediction                                            	pre-ledger-backlog            	2026-07-20	pending  	-
137cf12a	DataValue                                                   	pre-ledger-backlog            	2026-07-20	pending  	-
9ad0961e	Dates                                                       	pre-ledger-backlog            	2026-07-20	pending  	-
e44f21fd	Day                                                         	pre-ledger-backlog            	2026-07-20	pending  	-
f9e90ffe	DeadMaterial                                                	pre-ledger-backlog            	2026-07-20	pending  	-
b612fe95	DeadzoneMagnitude                                           	pre-ledger-backlog            	2026-07-20	pending  	-
a525bc7a	DeadzonePercent                                             	pre-ledger-backlog            	2026-07-20	pending  	-
c5597e8c	Def                                                         	pre-ledger-backlog            	2026-07-20	pending  	-
9a676645	DefaultAugment                                              	pre-ledger-backlog            	2026-07-20	pending  	-
012c1bc1	DefaultColor                                                	pre-ledger-backlog            	2026-07-20	pending  	-
9b9a3c69	DefaultDescriptions                                         	pre-ledger-backlog            	2026-07-20	pending  	-
307d1fb1	DefaultGain                                                 	pre-ledger-backlog            	2026-07-20	pending  	-
4b9489d8	DefaultIcons                                                	pre-ledger-backlog            	2026-07-20	pending  	-
3f074682	DefaultInput                                                	pre-ledger-backlog            	2026-07-20	pending  	-
7c29b357	DefaultOutput                                               	pre-ledger-backlog            	2026-07-20	pending  	-
1bdade49	DefaultPlayerInventory                                      	pre-ledger-backlog            	2026-07-20	pending  	-
4fc07890	DefaultSkinName                                             	pre-ledger-backlog            	2026-07-20	pending  	-
2f6cd7a5	DefaultTooltip                                              	pre-ledger-backlog            	2026-07-20	pending  	-
1ff99d7f	DefaultTra                                                  	pre-ledger-backlog            	2026-07-20	pending  	-
17f82fb1	DelayTime                                                   	pre-ledger-backlog            	2026-07-20	pending  	-
d23c9e02	DepthFog                                                    	pre-ledger-backlog            	2026-07-20	pending  	-
4d87c515	DepthFogColor                                               	pre-ledger-backlog            	2026-07-20	pending  	-
456d362f	DepthFogEnd                                                 	pre-ledger-backlog            	2026-07-20	pending  	-
a6ce8c9a	DepthFogStart                                               	pre-ledger-backlog            	2026-07-20	pending  	-
2afda2ce	DescriptionFooter                                           	pre-ledger-backlog            	2026-07-20	pending  	-
3b7aa707	DescriptionLong                                             	pre-ledger-backlog            	2026-07-20	pending  	-
c19c58be	DescriptionOverrides                                        	pre-ledger-backlog            	2026-07-20	pending  	-
bff2f361	DescriptionShort                                            	pre-ledger-backlog            	2026-07-20	pending  	-
67e380d5	DesignerProperty                                            	pre-ledger-backlog            	2026-07-20	pending  	-
1a01f930	DetailedIcon                                                	pre-ledger-backlog            	2026-07-20	pending  	-
4a255f53	DetailedScene                                               	pre-ledger-backlog            	2026-07-20	pending  	-
09cfdcf0	Difficulty                                                  	pre-ledger-backlog            	2026-07-20	pending  	-
4756c3d8	DifficultyData                                              	pre-ledger-backlog            	2026-07-20	pending  	-
fdf1d536	DifficultyLevel                                             	pre-ledger-backlog            	2026-07-20	pending  	-
827aac32	DisableFogOfWar                                             	pre-ledger-backlog            	2026-07-20	pending  	-
97812f3b	DisableThrottle                                             	pre-ledger-backlog            	2026-07-20	pending  	-
77cff90e	DisplayCondition                                            	pre-ledger-backlog            	2026-07-20	pending  	-
9b5df0d5	DisplayData                                                 	pre-ledger-backlog            	2026-07-20	pending  	-
fb3055fc	DisplayFlags                                                	pre-ledger-backlog            	2026-07-20	pending  	-
5f22a7f6	DisplayNameOverride                                         	pre-ledger-backlog            	2026-07-20	pending  	-
fba5b4cd	DistanceThreshold                                           	pre-ledger-backlog            	2026-07-20	pending  	-
72a9c287	DistributionWeight                                          	pre-ledger-backlog            	2026-07-20	pending  	-
3a568777	DividerTra                                                  	pre-ledger-backlog            	2026-07-20	pending  	-
11784e5b	DivisionUp                                                  	pre-ledger-backlog            	2026-07-20	pending  	-
e568bb76	Dof                                                         	pre-ledger-backlog            	2026-07-20	pending  	-
9b8085f1	DofDebug                                                    	pre-ledger-backlog            	2026-07-20	pending  	-
cc492242	DoubleActive                                                	pre-ledger-backlog            	2026-07-20	pending  	-
64761191	DoubleCompleted                                             	pre-ledger-backlog            	2026-07-20	pending  	-
bd63565e	DoubleLocked                                                	pre-ledger-backlog            	2026-07-20	pending  	-
8e2e1f5e	DropRateButton                                              	pre-ledger-backlog            	2026-07-20	pending  	-
ea4b69c5	DuplicateText                                               	pre-ledger-backlog            	2026-07-20	pending  	-
af128762	DurationSeconds                                             	pre-ledger-backlog            	2026-07-20	pending  	-
9561c6b3	EarlyComp                                                   	pre-ledger-backlog            	2026-07-20	pending  	-
8e97ff30	EasingData                                                  	pre-ledger-backlog            	2026-07-20	pending  	-
4e7c6b11	EffectColor0                                                	pre-ledger-backlog            	2026-07-20	pending  	-
4d7c697e	EffectColor1                                                	pre-ledger-backlog            	2026-07-20	pending  	-
39a1c5e5	ElapsedTimeColor                                            	pre-ledger-backlog            	2026-07-20	pending  	-
ec5a120e	ElementCount                                                	pre-ledger-backlog            	2026-07-20	pending  	-
f8ee7183	ElementEnter                                                	pre-ledger-backlog            	2026-07-20	pending  	-
17d6be37	ElementExit                                                 	pre-ledger-backlog            	2026-07-20	pending  	-
6971d77f	ElementList                                                 	pre-ledger-backlog            	2026-07-20	pending  	-
de03ac0a	EmblemIcon                                                  	pre-ledger-backlog            	2026-07-20	pending  	-
f92d1cec	EmoteDirection                                              	pre-ledger-backlog            	2026-07-20	pending  	-
713db564	EmoteItem                                                   	pre-ledger-backlog            	2026-07-20	pending  	-
bcd3fffb	EmoteType                                                   	pre-ledger-backlog            	2026-07-20	pending  	-
74adca0b	EmptyIcon                                                   	pre-ledger-backlog            	2026-07-20	pending  	-
29d7590a	EmptyTexturePath                                            	pre-ledger-backlog            	2026-07-20	pending  	-
2bb40018	EmptyTicks                                                  	pre-ledger-backlog            	2026-07-20	pending  	-
08dad7b8	EnableEncounters                                            	pre-ledger-backlog            	2026-07-20	pending  	-
a0b12922	EncounterButton                                             	pre-ledger-backlog            	2026-07-20	pending  	-
c67a7d17	EncounterIcon                                               	pre-ledger-backlog            	2026-07-20	pending  	-
63508947	EncounterNumber                                             	pre-ledger-backlog            	2026-07-20	pending  	-
b3110c3d	EndColor                                                    	pre-ledger-backlog            	2026-07-20	pending  	-
9d636613	EndDegrees                                                  	pre-ledger-backlog            	2026-07-20	pending  	-
dffa5e65	EndDivision                                                 	pre-ledger-backlog            	2026-07-20	pending  	-
deaaf4b8	EndFloat                                                    	pre-ledger-backlog            	2026-07-20	pending  	-
762dd179	EndLocation                                                 	pre-ledger-backlog            	2026-07-20	pending  	-
af7d7ce0	EndScale                                                    	pre-ledger-backlog            	2026-07-20	pending  	-
6837c753	EndValue                                                    	pre-ledger-backlog            	2026-07-20	pending  	-
1f4223e1	EndVector                                                   	pre-ledger-backlog            	2026-07-20	pending  	-
b5cc1f9b	EnemyCompanion                                              	pre-ledger-backlog            	2026-07-20	pending  	-
a5e2e84f	EnemyDamageSkin                                             	pre-ledger-backlog            	2026-07-20	pending  	-
047483a1	EnemyLayout                                                 	pre-ledger-backlog            	2026-07-20	pending  	-
a159f8ea	EnemyMapSkin                                                	pre-ledger-backlog            	2026-07-20	pending  	-
8a3fc6eb	EntityDefinition                                            	pre-ledger-backlog            	2026-07-20	pending  	-
4a22b647	EntityInputs                                                	pre-ledger-backlog            	2026-07-20	pending  	-
989015d3	EntityRef                                                   	pre-ledger-backlog            	2026-07-20	pending  	-
0329cc30	Equipped                                                    	pre-ledger-backlog            	2026-07-20	pending  	-
221758ae	EquippedBorder                                              	pre-ledger-backlog            	2026-07-20	pending  	-
352afac6	EquippedBuffs                                               	pre-ledger-backlog            	2026-07-20	pending  	-
d0547d28	EquippedTraKey                                              	pre-ledger-backlog            	2026-07-20	pending  	-
f701308d	ErrorDescriptionTraKey                                      	pre-ledger-backlog            	2026-07-20	pending  	-
feb06968	ErrorGroup                                                  	pre-ledger-backlog            	2026-07-20	pending  	-
7f4e86a0	ErrorTexture                                                	pre-ledger-backlog            	2026-07-20	pending  	-
d3eab8e5	EventCarousel                                               	pre-ledger-backlog            	2026-07-20	pending  	-
dcf1a165	EventMapIndex                                               	pre-ledger-backlog            	2026-07-20	pending  	-
81ba3772	EventPrompts                                                	pre-ledger-backlog            	2026-07-20	pending  	-
5950d0c5	EventSet                                                    	pre-ledger-backlog            	2026-07-20	pending  	-
9f56fb21	ExchangeIcon                                                	pre-ledger-backlog            	2026-07-20	pending  	-
e40347b4	ExcludeTags                                                 	pre-ledger-backlog            	2026-07-20	pending  	-
a01e3d98	Execute                                                     	pre-ledger-backlog            	2026-07-20	pending  	-
c1be745d	ExecuteBar                                                  	pre-ledger-backlog            	2026-07-20	pending  	-
0777a7af	ExpBonus                                                    	pre-ledger-backlog            	2026-07-20	pending  	-
1dc91264	ExpUpgrade                                                  	pre-ledger-backlog            	2026-07-20	pending  	-
5c8ff3a6	Factor                                                      	pre-ledger-backlog            	2026-07-20	pending  	-
aae9bc5e	FailTra                                                     	pre-ledger-backlog            	2026-07-20	pending  	-
64c2cb47	FailureOverlay                                              	pre-ledger-backlog            	2026-07-20	pending  	-
0f9ec900	FalloffEasingType                                           	pre-ledger-backlog            	2026-07-20	pending  	-
1b41c046	FalloffPower                                                	pre-ledger-backlog            	2026-07-20	pending  	-
caa773b3	FalloffRadius                                               	pre-ledger-backlog            	2026-07-20	pending  	-
101918e3	FalloffTexturePath                                          	pre-ledger-backlog            	2026-07-20	pending  	-
27ee9af9	FavoriteButton                                              	pre-ledger-backlog            	2026-07-20	pending  	-
155cac23	FeatsEvents                                                 	pre-ledger-backlog            	2026-07-20	pending  	-
6faf0b56	FeatsTracker                                                	pre-ledger-backlog            	2026-07-20	pending  	-
99a12b95	FeatureType                                                 	pre-ledger-backlog            	2026-07-20	pending  	-
630b9e09	FightDuration                                               	pre-ledger-backlog            	2026-07-20	pending  	-
a9a04dd9	FillIcon                                                    	pre-ledger-backlog            	2026-07-20	pending  	-
2c24fe60	FillPriority                                                	pre-ledger-backlog            	2026-07-20	pending  	-
11292cca	FillVolume                                                  	pre-ledger-backlog            	2026-07-20	pending  	-
815aaee7	FilterButton                                                	pre-ledger-backlog            	2026-07-20	pending  	-
f2c9b3be	FilterGroup                                                 	pre-ledger-backlog            	2026-07-20	pending  	-
d4e4979c	FilterNameTraKey                                            	pre-ledger-backlog            	2026-07-20	pending  	-
e3fdb170	FlowId                                                      	pre-ledger-backlog            	2026-07-20	pending  	-
f1a61846	FormIcon                                                    	pre-ledger-backlog            	2026-07-20	pending  	-
146fb80f	FrameButtons                                                	pre-ledger-backlog            	2026-07-20	pending  	-
20607eb7	FromAnyone                                                  	pre-ledger-backlog            	2026-07-20	pending  	-
8c54e274	FunctionInputs                                              	pre-ledger-backlog            	2026-07-20	pending  	-
de888209	FunctionOutputs                                             	pre-ledger-backlog            	2026-07-20	pending  	-
520cfbb9	GameModeAssets                                              	pre-ledger-backlog            	2026-07-20	pending  	-
bfe15a6a	GameModeTemplate                                            	pre-ledger-backlog            	2026-07-20	pending  	-
b4873916	GameTime                                                    	pre-ledger-backlog            	2026-07-20	pending  	-
19752079	GeometryType                                                	pre-ledger-backlog            	2026-07-20	pending  	-
b9b4d8d7	GoldAmount                                                  	pre-ledger-backlog            	2026-07-20	pending  	-
db0e9d5b	GoldMax                                                     	pre-ledger-backlog            	2026-07-20	pending  	-
b5a4f01e	GoldThreshold                                               	pre-ledger-backlog            	2026-07-20	pending  	-
234f4a0c	GoldToNextLevelTra                                          	pre-ledger-backlog            	2026-07-20	pending  	-
726ae049	GoldUpgrade                                                 	pre-ledger-backlog            	2026-07-20	pending  	-
3aaf5ccb	GridX                                                       	pre-ledger-backlog            	2026-07-20	pending  	-
39af5b38	GridY                                                       	pre-ledger-backlog            	2026-07-20	pending  	-
1ad36bf4	GroupElement                                                	pre-ledger-backlog            	2026-07-20	pending  	-
fc51c324	GroupHelper                                                 	pre-ledger-backlog            	2026-07-20	pending  	-
03e58e16	GroupTemplate                                               	pre-ledger-backlog            	2026-07-20	pending  	-
ed0c3757	H                                                           	pre-ledger-backlog            	2026-07-20	pending  	-
c2aa4bfd	HeaderImage                                                 	pre-ledger-backlog            	2026-07-20	pending  	-
91cef9f4	HealthBarBackground                                         	pre-ledger-backlog            	2026-07-20	pending  	-
bae18fd9	HealthBars                                                  	pre-ledger-backlog            	2026-07-20	pending  	-
32006fba	HeightFog                                                   	pre-ledger-backlog            	2026-07-20	pending  	-
b0d4508d	HeightFogColor                                              	pre-ledger-backlog            	2026-07-20	pending  	-
2188a687	HeightFogEnd                                                	pre-ledger-backlog            	2026-07-20	pending  	-
8e731442	HeightFogStart                                              	pre-ledger-backlog            	2026-07-20	pending  	-
9e6ab7fa	Helpers                                                     	pre-ledger-backlog            	2026-07-20	pending  	-
949cfb4a	HighlightedTrait                                            	pre-ledger-backlog            	2026-07-20	pending  	-
eb6c72dd	HitTexture                                                  	pre-ledger-backlog            	2026-07-20	pending  	-
00fbeff0	HoldType                                                    	pre-ledger-backlog            	2026-07-20	pending  	-
ba92cb0e	HoverFrame                                                  	pre-ledger-backlog            	2026-07-20	pending  	-
49246df0	HubTexturePath                                              	pre-ledger-backlog            	2026-07-20	pending  	-
633137b6	HubTimerText                                                	pre-ledger-backlog            	2026-07-20	pending  	-
cd27a573	HudIcon                                                     	pre-ledger-backlog            	2026-07-20	pending  	-
46905b86	HudScene                                                    	pre-ledger-backlog            	2026-07-20	pending  	-
bbd667ce	HudVfx                                                      	pre-ledger-backlog            	2026-07-20	pending  	-
54d18cd8	IconData                                                    	pre-ledger-backlog            	2026-07-20	pending  	-
33c6fd60	IconHelper                                                  	pre-ledger-backlog            	2026-07-20	pending  	-
af0087eb	IconLibrary                                                 	pre-ledger-backlog            	2026-07-20	pending  	-
625013d9	IconProperty                                                	pre-ledger-backlog            	2026-07-20	pending  	-
8275f0d1	IconTypes                                                   	pre-ledger-backlog            	2026-07-20	pending  	-
c301cf93	Idle                                                        	pre-ledger-backlog            	2026-07-20	pending  	-
f1a8065e	IdleBuff                                                    	pre-ledger-backlog            	2026-07-20	pending  	-
059e86a1	IdleUi                                                      	pre-ledger-backlog            	2026-07-20	pending  	-
6ff00c07	IgnoreSnapCameraOnRespawn                                   	pre-ledger-backlog            	2026-07-20	pending  	-
d1d746ab	Images                                                      	pre-ledger-backlog            	2026-07-20	pending  	-
4191b710	ImportButton                                                	pre-ledger-backlog            	2026-07-20	pending  	-
a59d8bc6	InactiveBorder                                              	pre-ledger-backlog            	2026-07-20	pending  	-
64f7e0ef	InactiveColor                                               	pre-ledger-backlog            	2026-07-20	pending  	-
bc6e5ae5	InactiveFrame                                               	pre-ledger-backlog            	2026-07-20	pending  	-
2cf4d973	InactiveTooltip                                             	pre-ledger-backlog            	2026-07-20	pending  	-
895ffcd9	InactiveTra                                                 	pre-ledger-backlog            	2026-07-20	pending  	-
cfdb2d7c	Includes                                                    	pre-ledger-backlog            	2026-07-20	pending  	-
0ba6f538	IncompleteColor                                             	pre-ledger-backlog            	2026-07-20	pending  	-
3812e73e	Increment                                                   	pre-ledger-backlog            	2026-07-20	pending  	-
1d2e3b42	InitialColor                                                	pre-ledger-backlog            	2026-07-20	pending  	-
193b8a8a	InitialFrameRate                                            	pre-ledger-backlog            	2026-07-20	pending  	-
16037af4	InitialState                                                	pre-ledger-backlog            	2026-07-20	pending  	-
1d6b0e07	InitialUvOffset                                             	pre-ledger-backlog            	2026-07-20	pending  	-
0fd2cf85	InnateGrouping                                              	pre-ledger-backlog            	2026-07-20	pending  	-
e4ecb00c	InputCondition                                              	pre-ledger-backlog            	2026-07-20	pending  	-
f248d989	InputEvent                                                  	pre-ledger-backlog            	2026-07-20	pending  	-
0214e671	InputParams                                                 	pre-ledger-backlog            	2026-07-20	pending  	-
ee26c73f	InstanceVariables                                           	pre-ledger-backlog            	2026-07-20	pending  	-
c14a25ae	InteractDef                                                 	pre-ledger-backlog            	2026-07-20	pending  	-
87c66597	InteractPriority                                            	pre-ledger-backlog            	2026-07-20	pending  	-
fc67d839	IntroAnimation                                              	pre-ledger-backlog            	2026-07-20	pending  	-
c2079a3f	IntroLoop                                                   	pre-ledger-backlog            	2026-07-20	pending  	-
ea4aa27c	IntroSequence                                               	pre-ledger-backlog            	2026-07-20	pending  	-
f554980c	InventorySlotLinks                                          	pre-ledger-backlog            	2026-07-20	pending  	-
8a0ba5dd	InventoryTemplate                                           	pre-ledger-backlog            	2026-07-20	pending  	-
fd36c650	InvertResult                                                	pre-ledger-backlog            	2026-07-20	pending  	-
8a07caf5	InvulnerableGroup                                           	pre-ledger-backlog            	2026-07-20	pending  	-
863f1f6f	InvulnerableIcon                                            	pre-ledger-backlog            	2026-07-20	pending  	-
7a9d64ea	IsAutoAttackOverride                                        	pre-ledger-backlog            	2026-07-20	pending  	-
808fcd61	IsButton                                                    	pre-ledger-backlog            	2026-07-20	pending  	-
68309c0b	IsExclusive                                                 	pre-ledger-backlog            	2026-07-20	pending  	-
66d660db	IsOverflow                                                  	pre-ledger-backlog            	2026-07-20	pending  	-
fcea40c4	IsOwner                                                     	pre-ledger-backlog            	2026-07-20	pending  	-
086f3c70	IsReplicated                                                	pre-ledger-backlog            	2026-07-20	pending  	-
dfefe716	IsUnique                                                    	pre-ledger-backlog            	2026-07-20	pending  	-
a1456915	ItemCount                                                   	pre-ledger-backlog            	2026-07-20	pending  	-
cc0e6fee	ItemCountText                                               	pre-ledger-backlog            	2026-07-20	pending  	-
a88e4d4d	ItemDef                                                     	pre-ledger-backlog            	2026-07-20	pending  	-
c27d6478	ItemDescription                                             	pre-ledger-backlog            	2026-07-20	pending  	-
c14326e0	ItemFilter                                                  	pre-ledger-backlog            	2026-07-20	pending  	-
4f958685	ItemIdAlias                                                 	pre-ledger-backlog            	2026-07-20	pending  	-
e917e5c0	ItemLayout                                                  	pre-ledger-backlog            	2026-07-20	pending  	-
01a2dc28	ItemOutline                                                 	pre-ledger-backlog            	2026-07-20	pending  	-
43703702	ItemRegion                                                  	pre-ledger-backlog            	2026-07-20	pending  	-
a4b002d7	ItemsList                                                   	pre-ledger-backlog            	2026-07-20	pending  	-
f1e19578	KeyDest                                                     	pre-ledger-backlog            	2026-07-20	pending  	-
d8b966a9	KeysList                                                    	pre-ledger-backlog            	2026-07-20	pending  	-
d7150c53	KeysTemplate                                                	pre-ledger-backlog            	2026-07-20	pending  	-
42fb312d	KeystoneSpell                                               	pre-ledger-backlog            	2026-07-20	pending  	-
f1cea006	KillOffset                                                  	pre-ledger-backlog            	2026-07-20	pending  	-
6611a3fc	KillThreshold                                               	pre-ledger-backlog            	2026-07-20	pending  	-
e90c310b	L                                                           	pre-ledger-backlog            	2026-07-20	pending  	-
fe87f21e	LastHitData                                                 	pre-ledger-backlog            	2026-07-20	pending  	-
cebfa3e8	LeaderboardButton                                           	pre-ledger-backlog            	2026-07-20	pending  	-
15b50d34	LeaderboardHighlight                                        	pre-ledger-backlog            	2026-07-20	pending  	-
a07db915	LeftSource                                                  	pre-ledger-backlog            	2026-07-20	pending  	-
0d39efe5	LevelBackground                                             	pre-ledger-backlog            	2026-07-20	pending  	-
cfce3637	LevelCard                                                   	pre-ledger-backlog            	2026-07-20	pending  	-
78c0fc71	LevelDescription                                            	pre-ledger-backlog            	2026-07-20	pending  	-
6ea8c65e	LevelSplash                                                 	pre-ledger-backlog            	2026-07-20	pending  	-
55172611	LevelTitle                                                  	pre-ledger-backlog            	2026-07-20	pending  	-
db6ea1a7	LinkedPath                                                  	pre-ledger-backlog            	2026-07-20	pending  	-
9fb37b48	ListKey                                                     	pre-ledger-backlog            	2026-07-20	pending  	-
07f017af	Live                                                        	pre-ledger-backlog            	2026-07-20	pending  	-
c995099d	LoadableModifiers                                           	pre-ledger-backlog            	2026-07-20	pending  	-
753697fe	LoadingGroup                                                	pre-ledger-backlog            	2026-07-20	pending  	-
16a02153	LocationIcon                                                	pre-ledger-backlog            	2026-07-20	pending  	-
c2463f9f	LocationTags                                                	pre-ledger-backlog            	2026-07-20	pending  	-
2ab3b60a	LockCameraEnabled                                           	pre-ledger-backlog            	2026-07-20	pending  	-
30ca5185	LockedBorder                                                	pre-ledger-backlog            	2026-07-20	pending  	-
e2622bf2	LockedColor                                                 	pre-ledger-backlog            	2026-07-20	pending  	-
3df969ff	LockedSlot                                                  	pre-ledger-backlog            	2026-07-20	pending  	-
27688fd4	LockedText                                                  	pre-ledger-backlog            	2026-07-20	pending  	-
3cebd87c	LockedTra                                                   	pre-ledger-backlog            	2026-07-20	pending  	-
6bfb316f	LogicalName                                                 	pre-ledger-backlog            	2026-07-20	pending  	-
9fd03293	LogoutButton                                                	pre-ledger-backlog            	2026-07-20	pending  	-
82bb207a	LowerBound                                                  	pre-ledger-backlog            	2026-07-20	pending  	-
47343861	MagicResistance                                             	pre-ledger-backlog            	2026-07-20	pending  	-
5a3d5de0	ManaRegenPercent                                            	pre-ledger-backlog            	2026-07-20	pending  	-
16d6bc74	MapCue                                                      	pre-ledger-backlog            	2026-07-20	pending  	-
26045d85	Mapping                                                     	pre-ledger-backlog            	2026-07-20	pending  	-
10abaf49	MaterialBin                                                 	pre-ledger-backlog            	2026-07-20	pending  	-
e81d2ece	MaterialMapping                                             	pre-ledger-backlog            	2026-07-20	pending  	-
2a96dc56	MaxGameEvents                                               	pre-ledger-backlog            	2026-07-20	pending  	-
c40b91eb	MaxPages                                                    	pre-ledger-backlog            	2026-07-20	pending  	-
df4673e5	MaxScaleChange                                              	pre-ledger-backlog            	2026-07-20	pending  	-
4057334e	MaxToken                                                    	pre-ledger-backlog            	2026-07-20	pending  	-
38823ae2	MenuButton                                                  	pre-ledger-backlog            	2026-07-20	pending  	-
8fba2ead	MenuGroup                                                   	pre-ledger-backlog            	2026-07-20	pending  	-
7789c8db	MeshPath                                                    	pre-ledger-backlog            	2026-07-20	pending  	-
ed713805	MessageTra                                                  	pre-ledger-backlog            	2026-07-20	pending  	-
22bfe860	MeterBars                                                   	pre-ledger-backlog            	2026-07-20	pending  	-
cbe462b2	MeterData                                                   	pre-ledger-backlog            	2026-07-20	pending  	-
055a6d9a	MeterElement                                                	pre-ledger-backlog            	2026-07-20	pending  	-
0364bf7c	MeterLayout                                                 	pre-ledger-backlog            	2026-07-20	pending  	-
af3fe1c9	MiddleElements                                              	pre-ledger-backlog            	2026-07-20	pending  	-
588f9aa5	MiddleFrame                                                 	pre-ledger-backlog            	2026-07-20	pending  	-
1de82be3	MilestoneAsset                                              	pre-ledger-backlog            	2026-07-20	pending  	-
c5ea66ab	MinimapColor                                                	pre-ledger-backlog            	2026-07-20	pending  	-
1405b98c	MinimumRange                                                	pre-ledger-backlog            	2026-07-20	pending  	-
adbcc5ee	Minutes                                                     	pre-ledger-backlog            	2026-07-20	pending  	-
60be11d7	MiscScene                                                   	pre-ledger-backlog            	2026-07-20	pending  	-
30f0104e	MissileForce                                                	pre-ledger-backlog            	2026-07-20	pending  	-
8ff60339	Mission                                                     	pre-ledger-backlog            	2026-07-20	pending  	-
c495a1c4	MissionDesc                                                 	pre-ledger-backlog            	2026-07-20	pending  	-
996d7b9e	MissionImage                                                	pre-ledger-backlog            	2026-07-20	pending  	-
6e35697b	MissionStatus                                               	pre-ledger-backlog            	2026-07-20	pending  	-
c27efcdf	MissionTemplate                                             	pre-ledger-backlog            	2026-07-20	pending  	-
ab6fd275	MobileVfx                                                   	pre-ledger-backlog            	2026-07-20	pending  	-
b9562e5b	ModeOverrides                                               	pre-ledger-backlog            	2026-07-20	pending  	-
73fedbe4	ModifierButton                                              	pre-ledger-backlog            	2026-07-20	pending  	-
f23cfa0e	ModifierHolder                                              	pre-ledger-backlog            	2026-07-20	pending  	-
c8809611	ModifierIcon                                                	pre-ledger-backlog            	2026-07-20	pending  	-
e105c631	ModifierLists                                               	pre-ledger-backlog            	2026-07-20	pending  	-
eff321b9	ModifierModal                                               	pre-ledger-backlog            	2026-07-20	pending  	-
7ba31fb9	ModifierSelected                                            	pre-ledger-backlog            	2026-07-20	pending  	-
3ce24d67	ModifierSpine                                               	pre-ledger-backlog            	2026-07-20	pending  	-
a19cac58	ModifierType                                                	pre-ledger-backlog            	2026-07-20	pending  	-
f0ec999e	ModuleName                                                  	pre-ledger-backlog            	2026-07-20	pending  	-
0da9cf64	MusicSwitches                                               	pre-ledger-backlog            	2026-07-20	pending  	-
25883c4e	Mutators                                                    	pre-ledger-backlog            	2026-07-20	pending  	-
30b1d74a	NamePriority                                                	pre-ledger-backlog            	2026-07-20	pending  	-
6c83351f	NeedsPip                                                    	pre-ledger-backlog            	2026-07-20	pending  	-
df76b69e	NewValue                                                    	pre-ledger-backlog            	2026-07-20	pending  	-
c870eb8b	NextGroup                                                   	pre-ledger-backlog            	2026-07-20	pending  	-
20c34879	NextIcon                                                    	pre-ledger-backlog            	2026-07-20	pending  	-
915005ed	NextState                                                   	pre-ledger-backlog            	2026-07-20	pending  	-
74478ecd	NexusSelector                                               	pre-ledger-backlog            	2026-07-20	pending  	-
e6de9f61	Night                                                       	pre-ledger-backlog            	2026-07-20	pending  	-
b1c14e0d	Node                                                        	pre-ledger-backlog            	2026-07-20	pending  	-
186c3198	NodeId                                                      	pre-ledger-backlog            	2026-07-20	pending  	-
514e905a	Nodes                                                       	pre-ledger-backlog            	2026-07-20	pending  	-
70bb674e	NotificationVfx                                             	pre-ledger-backlog            	2026-07-20	pending  	-
342dcc43	NumPlayers                                                  	pre-ledger-backlog            	2026-07-20	pending  	-
b4222185	ObjectiveVfxs                                               	pre-ledger-backlog            	2026-07-20	pending  	-
a8c6206b	Objects                                                     	pre-ledger-backlog            	2026-07-20	pending  	-
31c83d22	OffsetDown                                                  	pre-ledger-backlog            	2026-07-20	pending  	-
d488a847	OffsetLeft                                                  	pre-ledger-backlog            	2026-07-20	pending  	-
06b84d78	OffsetRight                                                 	pre-ledger-backlog            	2026-07-20	pending  	-
6cc62ae7	OffsetUp                                                    	pre-ledger-backlog            	2026-07-20	pending  	-
fbd4eefd	Operator                                                    	pre-ledger-backlog            	2026-07-20	pending  	-
dbde2288	OptionalConfigs                                             	pre-ledger-backlog            	2026-07-20	pending  	-
e10174d4	OptionalIcon                                                	pre-ledger-backlog            	2026-07-20	pending  	-
236c71e4	OptionalInputs                                              	pre-ledger-backlog            	2026-07-20	pending  	-
b6639fce	OrderSequence                                               	pre-ledger-backlog            	2026-07-20	pending  	-
d97f9a4f	Origin                                                      	pre-ledger-backlog            	2026-07-20	pending  	-
3c4bd9e8	OriginLocation                                              	pre-ledger-backlog            	2026-07-20	pending  	-
421aee08	OutEntity                                                   	pre-ledger-backlog            	2026-07-20	pending  	-
d1f18af8	OutlineIcon                                                 	pre-ledger-backlog            	2026-07-20	pending  	-
63f7be6b	OutputColor                                                 	pre-ledger-backlog            	2026-07-20	pending  	-
8f9dcb62	OutputParams                                                	pre-ledger-backlog            	2026-07-20	pending  	-
427157c1	OutputSelector                                              	pre-ledger-backlog            	2026-07-20	pending  	-
1b31b682	OutputStrings                                               	pre-ledger-backlog            	2026-07-20	pending  	-
f8881209	OutputW                                                     	pre-ledger-backlog            	2026-07-20	pending  	-
44d41437	OutputXyz                                                   	pre-ledger-backlog            	2026-07-20	pending  	-
8d0e3f5e	OverrideFrame                                               	pre-ledger-backlog            	2026-07-20	pending  	-
f715926c	OverrideResult                                              	pre-ledger-backlog            	2026-07-20	pending  	-
f5674cd4	Owner                                                       	pre-ledger-backlog            	2026-07-20	pending  	-
f3158aa5	PageText                                                    	pre-ledger-backlog            	2026-07-20	pending  	-
dd2b5b5d	PaginationButton                                            	pre-ledger-backlog            	2026-07-20	pending  	-
07f9f769	ParameterOverrides                                          	pre-ledger-backlog            	2026-07-20	pending  	-
b10e2d1e	ParticleSystem                                              	pre-ledger-backlog            	2026-07-20	pending  	-
faa24f5d	PartnerSlot                                                 	pre-ledger-backlog            	2026-07-20	pending  	-
55c5da6b	PassiveBuff                                                 	pre-ledger-backlog            	2026-07-20	pending  	-
02a877d7	PathRef                                                     	pre-ledger-backlog            	2026-07-20	pending  	-
6a5247d6	Pbe                                                         	pre-ledger-backlog            	2026-07-20	pending  	-
343ce138	PcVfx                                                       	pre-ledger-backlog            	2026-07-20	pending  	-
1a627229	PenaltyGroup                                                	pre-ledger-backlog            	2026-07-20	pending  	-
97537db5	Percentage                                                  	pre-ledger-backlog            	2026-07-20	pending  	-
76599c8b	PhysicalDamageEnhanced                                      	pre-ledger-backlog            	2026-07-20	pending  	-
73276a01	PhysicsComponent                                            	pre-ledger-backlog            	2026-07-20	pending  	-
165df089	Ping                                                        	pre-ledger-backlog            	2026-07-20	pending  	-
8ddcecfb	PingSpatialAudio                                            	pre-ledger-backlog            	2026-07-20	pending  	-
244362ff	PipDefinition                                               	pre-ledger-backlog            	2026-07-20	pending  	-
7cae3080	PipLayout                                                   	pre-ledger-backlog            	2026-07-20	pending  	-
e0bf6ea7	PipSequence                                                 	pre-ledger-backlog            	2026-07-20	pending  	-
8bbc0365	Pixelate                                                    	pre-ledger-backlog            	2026-07-20	pending  	-
ab2e032a	PlaneConstraint                                             	pre-ledger-backlog            	2026-07-20	pending  	-
75d39a3b	PlayAnimation                                               	pre-ledger-backlog            	2026-07-20	pending  	-
797fd50b	PlayButton                                                  	pre-ledger-backlog            	2026-07-20	pending  	-
9c422946	PlayerLayout                                                	pre-ledger-backlog            	2026-07-20	pending  	-
8a7ef9d0	PlayerNames                                                 	pre-ledger-backlog            	2026-07-20	pending  	-
cb3a3644	PlayerRow                                                   	pre-ledger-backlog            	2026-07-20	pending  	-
a126b13b	PointLight                                                  	pre-ledger-backlog            	2026-07-20	pending  	-
f9446799	PointMilestone                                              	pre-ledger-backlog            	2026-07-20	pending  	-
50af955e	PointMilestones                                             	pre-ledger-backlog            	2026-07-20	pending  	-
418ed755	PointsText                                                  	pre-ledger-backlog            	2026-07-20	pending  	-
91dd7983	Pool                                                        	pre-ledger-backlog            	2026-07-20	pending  	-
ec843b0e	PortraitTexturePath                                         	pre-ledger-backlog            	2026-07-20	pending  	-
b2f876c7	PositionProvider                                            	pre-ledger-backlog            	2026-07-20	pending  	-
5ed8887b	Positions                                                   	pre-ledger-backlog            	2026-07-20	pending  	-
83f71517	Precision                                                   	pre-ledger-backlog            	2026-07-20	pending  	-
de7d679e	PremiumTag                                                  	pre-ledger-backlog            	2026-07-20	pending  	-
97b20086	PressedFrame                                                	pre-ledger-backlog            	2026-07-20	pending  	-
caebb3c7	PreviewButton                                               	pre-ledger-backlog            	2026-07-20	pending  	-
cf48be81	PrimarySpacer                                               	pre-ledger-backlog            	2026-07-20	pending  	-
abe35607	PrioritizedStages                                           	pre-ledger-backlog            	2026-07-20	pending  	-
733c40f0	PriorityUnits                                               	pre-ledger-backlog            	2026-07-20	pending  	-
7de2adb1	Probe                                                       	pre-ledger-backlog            	2026-07-20	pending  	-
f1e32aa7	ProbeIndex                                                  	pre-ledger-backlog            	2026-07-20	pending  	-
edd78866	Probes                                                      	pre-ledger-backlog            	2026-07-20	pending  	-
4fbee88d	Products                                                    	pre-ledger-backlog            	2026-07-20	pending  	-
e94a6ba8	Progression                                                 	pre-ledger-backlog            	2026-07-20	pending  	-
56de9f99	ProjectableInvalid                                          	pre-ledger-backlog            	2026-07-20	pending  	-
1dccddbf	Projected                                                   	pre-ledger-backlog            	2026-07-20	pending  	-
dfe6493b	Prompt                                                      	pre-ledger-backlog            	2026-07-20	pending  	-
8f80bc0f	PropertyDef                                                 	pre-ledger-backlog            	2026-07-20	pending  	-
edee3d35	PropertyId                                                  	pre-ledger-backlog            	2026-07-20	pending  	-
0400cac9	PurchaseKey                                                 	pre-ledger-backlog            	2026-07-20	pending  	-
b9903ec9	PveComp                                                     	pre-ledger-backlog            	2026-07-20	pending  	-
049d68aa	PveData                                                     	pre-ledger-backlog            	2026-07-20	pending  	-
2d85c640	PveScoreboard                                               	pre-ledger-backlog            	2026-07-20	pending  	-
f8ce75e3	Query                                                       	pre-ledger-backlog            	2026-07-20	pending  	-
f02bce06	QueryButtonId                                               	pre-ledger-backlog            	2026-07-20	pending  	-
4998b307	QuestStatus                                                 	pre-ledger-backlog            	2026-07-20	pending  	-
86749f57	QueueMaxSize                                                	pre-ledger-backlog            	2026-07-20	pending  	-
f70c4715	R                                                           	pre-ledger-backlog            	2026-07-20	pending  	-
1068640f	RadialTimer                                                 	pre-ledger-backlog            	2026-07-20	pending  	-
e04f1ab5	RandomVariance                                              	pre-ledger-backlog            	2026-07-20	pending  	-
ac9b9e27	Rank                                                        	pre-ledger-backlog            	2026-07-20	pending  	-
08d18026	RankIcon                                                    	pre-ledger-backlog            	2026-07-20	pending  	-
0cfa3e3c	Ranks                                                       	pre-ledger-backlog            	2026-07-20	pending  	-
d02a6781	RarityGem                                                   	pre-ledger-backlog            	2026-07-20	pending  	-
a2cb8e03	RarityOverrides                                             	pre-ledger-backlog            	2026-07-20	pending  	-
e04df972	RarityTag                                                   	pre-ledger-backlog            	2026-07-20	pending  	-
1bbefc93	RarityTags                                                  	pre-ledger-backlog            	2026-07-20	pending  	-
edc675ea	RarityType                                                  	pre-ledger-backlog            	2026-07-20	pending  	-
cb1bebae	RecipeDef                                                   	pre-ledger-backlog            	2026-07-20	pending  	-
1a35cd0d	RecipeTemplate                                              	pre-ledger-backlog            	2026-07-20	pending  	-
5a81f39a	Reference                                                   	pre-ledger-backlog            	2026-07-20	pending  	-
bed02ff8	RegionTags                                                  	pre-ledger-backlog            	2026-07-20	pending  	-
20079c4c	RemoveAll                                                   	pre-ledger-backlog            	2026-07-20	pending  	-
3b5dbe09	RemoveButton                                                	pre-ledger-backlog            	2026-07-20	pending  	-
ebb5881f	RenderOrder                                                 	pre-ledger-backlog            	2026-07-20	pending  	-
8bfaa580	RenderPass                                                  	pre-ledger-backlog            	2026-07-20	pending  	-
62c9f9c0	RenderPhase                                                 	pre-ledger-backlog            	2026-07-20	pending  	-
f3c442af	RequiredCount                                               	pre-ledger-backlog            	2026-07-20	pending  	-
31af55e6	RequiredLevel                                               	pre-ledger-backlog            	2026-07-20	pending  	-
fc922909	RequiredTags                                                	pre-ledger-backlog            	2026-07-20	pending  	-
f60220b1	RequiredValue                                               	pre-ledger-backlog            	2026-07-20	pending  	-
01987941	Requirements                                                	pre-ledger-backlog            	2026-07-20	pending  	-
29df7ff5	Resource                                                    	pre-ledger-backlog            	2026-07-20	pending  	-
6ebb734e	ResourceBin                                                 	pre-ledger-backlog            	2026-07-20	pending  	-
5c06309c	ResourceKey                                                 	pre-ledger-backlog            	2026-07-20	pending  	-
11cb651b	ResourceReferences                                          	pre-ledger-backlog            	2026-07-20	pending  	-
8b075f3e	RespawnDelay                                                	pre-ledger-backlog            	2026-07-20	pending  	-
ca411bdb	RespawnDuration                                             	pre-ledger-backlog            	2026-07-20	pending  	-
e343a0c6	RespawnSequence                                             	pre-ledger-backlog            	2026-07-20	pending  	-
71e60c24	RestrictedType                                              	pre-ledger-backlog            	2026-07-20	pending  	-
5b26202d	Restriction                                                 	pre-ledger-backlog            	2026-07-20	pending  	-
3d7745f6	RestrictionText                                             	pre-ledger-backlog            	2026-07-20	pending  	-
c3b13882	RewardButton                                                	pre-ledger-backlog            	2026-07-20	pending  	-
9dcff647	RewardClaimed                                               	pre-ledger-backlog            	2026-07-20	pending  	-
56c607bc	RewardDescription                                           	pre-ledger-backlog            	2026-07-20	pending  	-
c1c6ede2	RewardGrid                                                  	pre-ledger-backlog            	2026-07-20	pending  	-
3123eb4c	RewardIcons                                                 	pre-ledger-backlog            	2026-07-20	pending  	-
0ecd9162	RewardMask                                                  	pre-ledger-backlog            	2026-07-20	pending  	-
54e57fb9	RewardNameTraKey                                            	pre-ledger-backlog            	2026-07-20	pending  	-
7f7e87bc	RewardTemplate                                              	pre-ledger-backlog            	2026-07-20	pending  	-
c6f4b3f8	RightSource                                                 	pre-ledger-backlog            	2026-07-20	pending  	-
16ff3d1e	Roll                                                        	pre-ledger-backlog            	2026-07-20	pending  	-
9a7587b2	RollTable                                                   	pre-ledger-backlog            	2026-07-20	pending  	-
ca62500c	RootGroup                                                   	pre-ledger-backlog            	2026-07-20	pending  	-
f22f9104	RosterTitle                                                 	pre-ledger-backlog            	2026-07-20	pending  	-
60cce187	SceneDuration                                               	pre-ledger-backlog            	2026-07-20	pending  	-
5d192820	Scenes                                                      	pre-ledger-backlog            	2026-07-20	pending  	-
31a43617	ScoreBreakpoints                                            	pre-ledger-backlog            	2026-07-20	pending  	-
01741a1c	ScoreGroup                                                  	pre-ledger-backlog            	2026-07-20	pending  	-
b0b412d0	ScoreHeader                                                 	pre-ledger-backlog            	2026-07-20	pending  	-
abbacbb6	ScoreName                                                   	pre-ledger-backlog            	2026-07-20	pending  	-
6b4d6c6b	ScoreUi                                                     	pre-ledger-backlog            	2026-07-20	pending  	-
3f14593a	ScoreValue                                                  	pre-ledger-backlog            	2026-07-20	pending  	-
acc0893c	ScriptDataNumbers                                           	pre-ledger-backlog            	2026-07-20	pending  	-
75601a20	ScriptDataStrings                                           	pre-ledger-backlog            	2026-07-20	pending  	-
0d484801	ScriptDef                                                   	pre-ledger-backlog            	2026-07-20	pending  	-
9b4a129b	Scripts                                                     	pre-ledger-backlog            	2026-07-20	pending  	-
5675f8db	Scroller                                                    	pre-ledger-backlog            	2026-07-20	pending  	-
ddfc5454	ScrollerBar                                                 	pre-ledger-backlog            	2026-07-20	pending  	-
4b90d43d	SearchButton                                                	pre-ledger-backlog            	2026-07-20	pending  	-
462dd7c5	SeasonId                                                    	pre-ledger-backlog            	2026-07-20	pending  	-
d5ca9b39	SecondarySpacer                                             	pre-ledger-backlog            	2026-07-20	pending  	-
66b6cdea	Seconds                                                     	pre-ledger-backlog            	2026-07-20	pending  	-
cc7c7159	SelectButton                                                	pre-ledger-backlog            	2026-07-20	pending  	-
eca4ae5d	SelectedClicked                                             	pre-ledger-backlog            	2026-07-20	pending  	-
74f8c1e9	SelectedDefault                                             	pre-ledger-backlog            	2026-07-20	pending  	-
5ae3dbe2	SelectedHolder                                              	pre-ledger-backlog            	2026-07-20	pending  	-
92d960e6	SelectedHover                                               	pre-ledger-backlog            	2026-07-20	pending  	-
4ce2d8e5	SelectedInactive                                            	pre-ledger-backlog            	2026-07-20	pending  	-
7dd33afb	SelectedPreset                                              	pre-ledger-backlog            	2026-07-20	pending  	-
c0ac6e28	SelectionAvailable                                          	pre-ledger-backlog            	2026-07-20	pending  	-
5b45d71e	SelfHeader                                                  	pre-ledger-backlog            	2026-07-20	pending  	-
c060792d	SelfLayout                                                  	pre-ledger-backlog            	2026-07-20	pending  	-
890cc538	SequenceLink                                                	pre-ledger-backlog            	2026-07-20	pending  	-
319b722c	SequenceParameters                                          	pre-ledger-backlog            	2026-07-20	pending  	-
d8c398f2	SeriesBackgroundImageUrl                                    	pre-ledger-backlog            	2026-07-20	pending  	-
9c50fe38	SeriesList                                                  	pre-ledger-backlog            	2026-07-20	pending  	-
dfe510ee	SetOnStart                                                  	pre-ledger-backlog            	2026-07-20	pending  	-
a1d375b5	ShaderModel                                                 	pre-ledger-backlog            	2026-07-20	pending  	-
5cc8d99c	ShadowColor0                                                	pre-ledger-backlog            	2026-07-20	pending  	-
5dc8db2f	ShadowColor1                                                	pre-ledger-backlog            	2026-07-20	pending  	-
10087a83	ShadowsEnabled                                              	pre-ledger-backlog            	2026-07-20	pending  	-
a8201a8b	ShopMapIndex                                                	pre-ledger-backlog            	2026-07-20	pending  	-
a9e4a8cb	ShopStyles                                                  	pre-ledger-backlog            	2026-07-20	pending  	-
b3b79b71	ShortDescriptionTraKey                                      	pre-ledger-backlog            	2026-07-20	pending  	-
93fcfdc6	ShortDisplayName                                            	pre-ledger-backlog            	2026-07-20	pending  	-
b872990e	ShouldRemove                                                	pre-ledger-backlog            	2026-07-20	pending  	-
a947e23c	Show                                                        	pre-ledger-backlog            	2026-07-20	pending  	-
58226563	ShowCharacter                                               	pre-ledger-backlog            	2026-07-20	pending  	-
30f8b0dd	ShowOnCreate                                                	pre-ledger-backlog            	2026-07-20	pending  	-
d8c81e10	ShowVfx                                                     	pre-ledger-backlog            	2026-07-20	pending  	-
efe39691	ShuffleStages                                               	pre-ledger-backlog            	2026-07-20	pending  	-
a28939c9	SideOffset                                                  	pre-ledger-backlog            	2026-07-20	pending  	-
cecdd9eb	SingleActive                                                	pre-ledger-backlog            	2026-07-20	pending  	-
ae789376	SingleCompleted                                             	pre-ledger-backlog            	2026-07-20	pending  	-
20c75747	SingleLocked                                                	pre-ledger-backlog            	2026-07-20	pending  	-
93f0c42c	SituationName                                               	pre-ledger-backlog            	2026-07-20	pending  	-
6556dc9f	Skills                                                      	pre-ledger-backlog            	2026-07-20	pending  	-
174a6a47	SkinItem                                                    	pre-ledger-backlog            	2026-07-20	pending  	-
911d1120	SkipExecution                                               	pre-ledger-backlog            	2026-07-20	pending  	-
af20b401	SlotData                                                    	pre-ledger-backlog            	2026-07-20	pending  	-
58526469	SlotRestriction                                             	pre-ledger-backlog            	2026-07-20	pending  	-
d04a0fe6	SlotsButton                                                 	pre-ledger-backlog            	2026-07-20	pending  	-
d3a91466	SlotsScene                                                  	pre-ledger-backlog            	2026-07-20	pending  	-
42abffde	SmoothTime                                                  	pre-ledger-backlog            	2026-07-20	pending  	-
7a5ff18f	SoundName                                                   	pre-ledger-backlog            	2026-07-20	pending  	-
df38ac45	SourceId                                                    	pre-ledger-backlog            	2026-07-20	pending  	-
a78f532f	SourceLocation                                              	pre-ledger-backlog            	2026-07-20	pending  	-
7974836b	SourcePosition                                              	pre-ledger-backlog            	2026-07-20	pending  	-
59407c14	SourceVfx                                                   	pre-ledger-backlog            	2026-07-20	pending  	-
ea0e4ad5	Spacer                                                      	pre-ledger-backlog            	2026-07-20	pending  	-
3378edaf	SpawnGrubbies                                               	pre-ledger-backlog            	2026-07-20	pending  	-
0d7e521d	SpecName                                                    	pre-ledger-backlog            	2026-07-20	pending  	-
3e23d344	SpectateLayout                                              	pre-ledger-backlog            	2026-07-20	pending  	-
bc4804ec	SpellBook                                                   	pre-ledger-backlog            	2026-07-20	pending  	-
c1d6b8d3	SpellCalculations                                           	pre-ledger-backlog            	2026-07-20	pending  	-
08263e1d	SpellCastQueueData                                          	pre-ledger-backlog            	2026-07-20	pending  	-
16f1763f	SpellDataTemplate                                           	pre-ledger-backlog            	2026-07-20	pending  	-
5e7e5a06	SpellObject                                                 	pre-ledger-backlog            	2026-07-20	pending  	-
87f6b886	SpellScript                                                 	pre-ledger-backlog            	2026-07-20	pending  	-
2fd3d3c2	SpineAnimation                                              	pre-ledger-backlog            	2026-07-20	pending  	-
01a24d83	SpineObject                                                 	pre-ledger-backlog            	2026-07-20	pending  	-
2d4af07e	SpineStyles                                                 	pre-ledger-backlog            	2026-07-20	pending  	-
c6668613	SplashIcon                                                  	pre-ledger-backlog            	2026-07-20	pending  	-
7974399b	SplashMaterial                                              	pre-ledger-backlog            	2026-07-20	pending  	-
c93f9c4d	SplashPath                                                  	pre-ledger-backlog            	2026-07-20	pending  	-
7b2a1a56	SplashUpgrade                                               	pre-ledger-backlog            	2026-07-20	pending  	-
b253a39a	SplashUpgradeAugments                                       	pre-ledger-backlog            	2026-07-20	pending  	-
0795ccc5	SplashUpgradeTrack                                          	pre-ledger-backlog            	2026-07-20	pending  	-
36ab176c	SplineCurves                                                	pre-ledger-backlog            	2026-07-20	pending  	-
034aa1d3	SplinePoints                                                	pre-ledger-backlog            	2026-07-20	pending  	-
3f9a5cee	StartColor                                                  	pre-ledger-backlog            	2026-07-20	pending  	-
b35fc430	StartDegrees                                                	pre-ledger-backlog            	2026-07-20	pending  	-
a527f700	StartDivision                                               	pre-ledger-backlog            	2026-07-20	pending  	-
64899064	StartEnabled                                                	pre-ledger-backlog            	2026-07-20	pending  	-
7a92b498	StartLocation                                               	pre-ledger-backlog            	2026-07-20	pending  	-
d65a8b5c	StartPosition                                               	pre-ledger-backlog            	2026-07-20	pending  	-
e9103252	StartSoundEvent                                             	pre-ledger-backlog            	2026-07-20	pending  	-
c04f610f	StartValueOffset                                            	pre-ledger-backlog            	2026-07-20	pending  	-
3798de1c	StartVector                                                 	pre-ledger-backlog            	2026-07-20	pending  	-
6929e0fa	StateDuration                                               	pre-ledger-backlog            	2026-07-20	pending  	-
01e3c21c	StateLabel                                                  	pre-ledger-backlog            	2026-07-20	pending  	-
779a970d	StateTransition                                             	pre-ledger-backlog            	2026-07-20	pending  	-
07ca5f1b	StaticFunction                                              	pre-ledger-backlog            	2026-07-20	pending  	-
b2cd8676	StepGroup                                                   	pre-ledger-backlog            	2026-07-20	pending  	-
f92eae07	StepRegion                                                  	pre-ledger-backlog            	2026-07-20	pending  	-
7995e2cd	StepScene                                                   	pre-ledger-backlog            	2026-07-20	pending  	-
6bb5cb4d	StepTemplate                                                	pre-ledger-backlog            	2026-07-20	pending  	-
51babcb8	StepText                                                    	pre-ledger-backlog            	2026-07-20	pending  	-
a5912d83	StopsMovement                                               	pre-ledger-backlog            	2026-07-20	pending  	-
62e1b0aa	StoreAsset                                                  	pre-ledger-backlog            	2026-07-20	pending  	-
577e4208	StoreDescriptionTraKey                                      	pre-ledger-backlog            	2026-07-20	pending  	-
4c53d673	StoreId                                                     	pre-ledger-backlog            	2026-07-20	pending  	-
5d1ffec3	StoreImage                                                  	pre-ledger-backlog            	2026-07-20	pending  	-
60c41330	StorePurchaseId                                             	pre-ledger-backlog            	2026-07-20	pending  	-
2853d34a	StoreTexturePath                                            	pre-ledger-backlog            	2026-07-20	pending  	-
96878724	Strategy                                                    	pre-ledger-backlog            	2026-07-20	pending  	-
b0727511	Strings                                                     	pre-ledger-backlog            	2026-07-20	pending  	-
9d17b3be	StructureLink                                               	pre-ledger-backlog            	2026-07-20	pending  	-
44735f30	StunTexture                                                 	pre-ledger-backlog            	2026-07-20	pending  	-
bd00b074	SubEvents                                                   	pre-ledger-backlog            	2026-07-20	pending  	-
a0f848d1	SubRequirements                                             	pre-ledger-backlog            	2026-07-20	pending  	-
312f9dd7	SubteamBadge                                                	pre-ledger-backlog            	2026-07-20	pending  	-
4c0c91fd	SuccessesRequired                                           	pre-ledger-backlog            	2026-07-20	pending  	-
9d8b5bd5	SummonerLevel                                               	pre-ledger-backlog            	2026-07-20	pending  	-
602b4f3c	SwapAnimation                                               	pre-ledger-backlog            	2026-07-20	pending  	-
68305f93	SwapMaterial                                                	pre-ledger-backlog            	2026-07-20	pending  	-
8963e73a	SwapSounds                                                  	pre-ledger-backlog            	2026-07-20	pending  	-
7c626308	SwitchGroup                                                 	pre-ledger-backlog            	2026-07-20	pending  	-
ec134322	SwitchState                                                 	pre-ledger-backlog            	2026-07-20	pending  	-
c1b1aa2a	SystemPrompt                                                	pre-ledger-backlog            	2026-07-20	pending  	-
0ebfad7f	TacticianScale                                              	pre-ledger-backlog            	2026-07-20	pending  	-
fbf302db	TagData                                                     	pre-ledger-backlog            	2026-07-20	pending  	-
37c3a421	TagQuery                                                    	pre-ledger-backlog            	2026-07-20	pending  	-
fe9065ba	TargetGame                                                  	pre-ledger-backlog            	2026-07-20	pending  	-
5dc08bbe	TargetLevel                                                 	pre-ledger-backlog            	2026-07-20	pending  	-
1970b93f	TargetLocation                                              	pre-ledger-backlog            	2026-07-20	pending  	-
66ab6b90	TargetRequirements                                          	pre-ledger-backlog            	2026-07-20	pending  	-
13915870	TargetScene                                                 	pre-ledger-backlog            	2026-07-20	pending  	-
c8e7634b	TargetSunDirection                                          	pre-ledger-backlog            	2026-07-20	pending  	-
cdfd3bca	TeamCodeText                                                	pre-ledger-backlog            	2026-07-20	pending  	-
0f4ed7e6	TeamComposition                                             	pre-ledger-backlog            	2026-07-20	pending  	-
341a92b5	TeamDefinition                                              	pre-ledger-backlog            	2026-07-20	pending  	-
cf948d45	TeamEditorData                                              	pre-ledger-backlog            	2026-07-20	pending  	-
54675714	TeamOverride                                                	pre-ledger-backlog            	2026-07-20	pending  	-
e71e9783	TeamSeparator                                               	pre-ledger-backlog            	2026-07-20	pending  	-
5d473c96	TeamTemplate                                                	pre-ledger-backlog            	2026-07-20	pending  	-
0153ef3f	TextElements                                                	pre-ledger-backlog            	2026-07-20	pending  	-
59d65fab	TextProperty                                                	pre-ledger-backlog            	2026-07-20	pending  	-
67542274	TextureElementType                                          	pre-ledger-backlog            	2026-07-20	pending  	-
dcf71c47	TextureHeight                                               	pre-ledger-backlog            	2026-07-20	pending  	-
1f49a52a	TextureVictory                                              	pre-ledger-backlog            	2026-07-20	pending  	-
90df3f50	TextureWidth                                                	pre-ledger-backlog            	2026-07-20	pending  	-
a330d712	TierItemType                                                	pre-ledger-backlog            	2026-07-20	pending  	-
f5092643	TierNames                                                   	pre-ledger-backlog            	2026-07-20	pending  	-
2414834f	TierTemplate                                                	pre-ledger-backlog            	2026-07-20	pending  	-
d853c3f4	TimePercentage                                              	pre-ledger-backlog            	2026-07-20	pending  	-
146b3900	TimerDefinitions                                            	pre-ledger-backlog            	2026-07-20	pending  	-
73e973f5	TimerGroup                                                  	pre-ledger-backlog            	2026-07-20	pending  	-
48b5af2f	TimerId                                                     	pre-ledger-backlog            	2026-07-20	pending  	-
7c5314d3	TintColor                                                   	pre-ledger-backlog            	2026-07-20	pending  	-
01d6318d	ToggleType                                                  	pre-ledger-backlog            	2026-07-20	pending  	-
4e534dcf	TooltipKey                                                  	pre-ledger-backlog            	2026-07-20	pending  	-
9346bce8	TooltipPriority                                             	pre-ledger-backlog            	2026-07-20	pending  	-
69ae9918	TrackIndex                                                  	pre-ledger-backlog            	2026-07-20	pending  	-
7bef87dc	TraitText                                                   	pre-ledger-backlog            	2026-07-20	pending  	-
8f6df5b2	TransitionData                                              	pre-ledger-backlog            	2026-07-20	pending  	-
7e4fc21e	TransitionDuration                                          	pre-ledger-backlog            	2026-07-20	pending  	-
66048e3b	TransitionStartTime                                         	pre-ledger-backlog            	2026-07-20	pending  	-
f85d0a11	TranslationRange                                            	pre-ledger-backlog            	2026-07-20	pending  	-
b9cb9ce8	Treatments                                                  	pre-ledger-backlog            	2026-07-20	pending  	-
4a7b08fa	TrueDamageEnhanced                                          	pre-ledger-backlog            	2026-07-20	pending  	-
9e490c6c	UiElementI                                                  	pre-ledger-backlog            	2026-07-20	pending  	-
a39a0007	UiLoadable                                                  	pre-ledger-backlog            	2026-07-20	pending  	-
bc4b08e9	UiTemplate                                                  	pre-ledger-backlog            	2026-07-20	pending  	-
f45fee61	UiVfx                                                       	pre-ledger-backlog            	2026-07-20	pending  	-
8d32446e	UltimateBackground                                          	pre-ledger-backlog            	2026-07-20	pending  	-
2d4fe610	UltimateVictory                                             	pre-ledger-backlog            	2026-07-20	pending  	-
c0f4b3bf	UndoButton                                                  	pre-ledger-backlog            	2026-07-20	pending  	-
07e7c0bb	UniqueId                                                    	pre-ledger-backlog            	2026-07-20	pending  	-
875bac76	UnitTypeFlags                                               	pre-ledger-backlog            	2026-07-20	pending  	-
36aac8d9	UniversalTrack                                              	pre-ledger-backlog            	2026-07-20	pending  	-
84be004c	UnselectedClicked                                           	pre-ledger-backlog            	2026-07-20	pending  	-
f8b71cc4	UnselectedDefault                                           	pre-ledger-backlog            	2026-07-20	pending  	-
d3231b43	UnselectedHover                                             	pre-ledger-backlog            	2026-07-20	pending  	-
1683dbca	UnselectedInactive                                          	pre-ledger-backlog            	2026-07-20	pending  	-
95a401c3	UpgradeSpell                                                	pre-ledger-backlog            	2026-07-20	pending  	-
acc83ffa	UseFistBump                                                 	pre-ledger-backlog            	2026-07-20	pending  	-
064440d6	UseSkinName                                                 	pre-ledger-backlog            	2026-07-20	pending  	-
7b66f15d	UseTarget                                                   	pre-ledger-backlog            	2026-07-20	pending  	-
e1e591e3	UseText                                                     	pre-ledger-backlog            	2026-07-20	pending  	-
e2edf451	VerticalLayout                                              	pre-ledger-backlog            	2026-07-20	pending  	-
57826247	VfxData                                                     	pre-ledger-backlog            	2026-07-20	pending  	-
df782aae	VfxProperty                                                 	pre-ledger-backlog            	2026-07-20	pending  	-
8ed2871b	VfxResource                                                 	pre-ledger-backlog            	2026-07-20	pending  	-
40e19ec4	Vfxs                                                        	pre-ledger-backlog            	2026-07-20	pending  	-
0514b064	VictoryPin                                                  	pre-ledger-backlog            	2026-07-20	pending  	-
f6ec748b	VideoPath                                                   	pre-ledger-backlog            	2026-07-20	pending  	-
e50186a0	VideoRegion                                                 	pre-ledger-backlog            	2026-07-20	pending  	-
3b060ae5	ViewModel                                                   	pre-ledger-backlog            	2026-07-20	pending  	-
4facf6d1	Views                                                       	pre-ledger-backlog            	2026-07-20	pending  	-
599fcd6e	WarningTexture                                              	pre-ledger-backlog            	2026-07-20	pending  	-
9cf6bf22	Wasd                                                        	pre-ledger-backlog            	2026-07-20	pending  	-
dc7ec024	WipStat1                                                    	pre-ledger-backlog            	2026-07-20	pending  	-
df7ec4dd	WipStat2                                                    	pre-ledger-backlog            	2026-07-20	pending  	-
de7ec34a	WipStat3                                                    	pre-ledger-backlog            	2026-07-20	pending  	-
d97ebb6b	WipStat4                                                    	pre-ledger-backlog            	2026-07-20	pending  	-
d87eb9d8	WipStat5                                                    	pre-ledger-backlog            	2026-07-20	pending  	-
db7ebe91	WipStat6                                                    	pre-ledger-backlog            	2026-07-20	pending  	-
df92e232	Zoom                                                        	pre-ledger-backlog            	2026-07-20	pending  	-
5ed132d9	ZoomDistance                                                	pre-ledger-backlog            	2026-07-20	pending  	-
d1257b43	ZoomEasing                                                  	pre-ledger-backlog            	2026-07-20	pending  	-
5d8b6dab	Alpha                                                       	vfx-driver-graph              	2026-07-28	pending  	-
f95b6c8b	AnimCurve                                                   	vfx-driver-graph              	2026-07-28	pending  	-
b24341c8	AnimationDimensions                                         	vfx-driver-graph              	2026-07-28	pending  	-
79ed2e39	ApplyDrag                                                   	vfx-driver-graph              	2026-07-28	pending  	-
b7c14674	AttractionAcceleration                                      	vfx-driver-graph              	2026-07-28	pending  	-
aeefa0e6	AttractionRadius                                            	vfx-driver-graph              	2026-07-28	pending  	-
a75279fa	Beam                                                        	vfx-driver-graph              	2026-07-28	pending  	-
5b593ba8	ColorOverLife                                               	vfx-driver-graph              	2026-07-28	pending  	-
3498512b	Distribution                                                	vfx-driver-graph              	2026-07-28	pending  	-
acee2354	DistributionMode                                            	vfx-driver-graph              	2026-07-28	pending  	-
88c7215d	Divisor                                                     	vfx-driver-graph              	2026-07-28	pending  	-
af6469c4	Drivers                                                     	vfx-driver-graph              	2026-07-28	pending  	-
ff0af490	EasingFunction                                              	vfx-driver-graph              	2026-07-28	pending  	-
0f0e454c	EmissionRate                                                	vfx-driver-graph              	2026-07-28	pending  	-
21af2f43	EmissionSource                                              	vfx-driver-graph              	2026-07-28	pending  	-
7fa67a85	EmitterDuration                                             	vfx-driver-graph              	2026-07-28	pending  	-
363b38d6	EmitterLifetime                                             	vfx-driver-graph              	2026-07-28	pending  	-
6365206c	EmitterPeriod                                               	vfx-driver-graph              	2026-07-28	pending  	-
2b1b533a	EnableNode                                                  	vfx-driver-graph              	2026-07-28	pending  	-
b8aa6948	FacingMode                                                  	vfx-driver-graph              	2026-07-28	pending  	-
0b069958	False                                                       	vfx-driver-graph              	2026-07-28	pending  	-
a6c45d85	Float                                                       	vfx-driver-graph              	2026-07-28	pending  	-
8144ce88	FloatProperty                                               	vfx-driver-graph              	2026-07-28	pending  	-
95cd8075	From                                                        	vfx-driver-graph              	2026-07-28	pending  	-
5e6ab845	HeightOffset                                                	vfx-driver-graph              	2026-07-28	pending  	-
3dddb9fd	High                                                        	vfx-driver-graph              	2026-07-28	pending  	-
fb40f022	IncludeCaps                                                 	vfx-driver-graph              	2026-07-28	pending  	-
759ff1df	InitialAcceleration                                         	vfx-driver-graph              	2026-07-28	pending  	-
3e590ae1	InitialDrag                                                 	vfx-driver-graph              	2026-07-28	pending  	-
7170a81b	InitialParameters                                           	vfx-driver-graph              	2026-07-28	pending  	-
5176379d	InitialRotation                                             	vfx-driver-graph              	2026-07-28	pending  	-
ea0b5c3b	InitialScale                                                	vfx-driver-graph              	2026-07-28	pending  	-
11b9a054	InitialVelocity                                             	vfx-driver-graph              	2026-07-28	pending  	-
b6c2c9a1	IntroDuration                                               	vfx-driver-graph              	2026-07-28	pending  	-
44780383	IsUniform                                                   	vfx-driver-graph              	2026-07-28	pending  	-
b8314653	JointMask                                                   	vfx-driver-graph              	2026-07-28	pending  	-
56280f9b	KeyedDrag                                                   	vfx-driver-graph              	2026-07-28	pending  	-
5546f441	KeyedParameters                                             	vfx-driver-graph              	2026-07-28	pending  	-
b4bc0449	KeyedScale                                                  	vfx-driver-graph              	2026-07-28	pending  	-
9dac718c	Laser                                                       	vfx-driver-graph              	2026-07-28	pending  	-
124aec70	Left                                                        	vfx-driver-graph              	2026-07-28	pending  	-
986002d8	LifetimeBehavior                                            	vfx-driver-graph              	2026-07-28	pending  	-
37885f1c	LocalAcceleration                                           	vfx-driver-graph              	2026-07-28	pending  	-
bfc92e63	LogicDriver                                                 	vfx-driver-graph              	2026-07-28	pending  	-
b0585aea	LoopDelay                                                   	vfx-driver-graph              	2026-07-28	pending  	-
4f516a81	Low                                                         	vfx-driver-graph              	2026-07-28	pending  	-
1f14dbe7	MaterialContainer                                           	vfx-driver-graph              	2026-07-28	pending  	-
a100bebc	Mesh                                                        	vfx-driver-graph              	2026-07-28	pending  	-
904416d1	Noise                                                       	vfx-driver-graph              	2026-07-28	pending  	-
d6b1e82e	NoiseVector                                                 	vfx-driver-graph              	2026-07-28	pending  	-
d69a87d8	OutroDuration                                               	vfx-driver-graph              	2026-07-28	pending  	-
4e0e3632	Param                                                       	vfx-driver-graph              	2026-07-28	pending  	-
7471eac6	Remap                                                       	vfx-driver-graph              	2026-07-28	pending  	-
46f9077c	Rgb                                                         	vfx-driver-graph              	2026-07-28	pending  	-
42b4cb29	Ribbon                                                      	vfx-driver-graph              	2026-07-28	pending  	-
78e32de5	Right                                                       	vfx-driver-graph              	2026-07-28	pending  	-
1d59898a	ScaleFactor                                                 	vfx-driver-graph              	2026-07-28	pending  	-
11c2662d	Select                                                      	vfx-driver-graph              	2026-07-28	pending  	-
a8d060cb	ShapeCenter                                                 	vfx-driver-graph              	2026-07-28	pending  	-
d9ee6a8f	ShareRandom                                                 	vfx-driver-graph              	2026-07-28	pending  	-
78c1a5ee	SkeletonData                                                	vfx-driver-graph              	2026-07-28	pending  	-
efd909e8	SpawnDuration                                               	vfx-driver-graph              	2026-07-28	pending  	-
93e05f71	Switch                                                      	vfx-driver-graph              	2026-07-28	pending  	-
5d3c9be4	Time                                                        	vfx-driver-graph              	2026-07-28	pending  	-
42454824	To                                                          	vfx-driver-graph              	2026-07-28	pending  	-
4db211e5	True                                                        	vfx-driver-graph              	2026-07-28	pending  	-
e60c4bed	UniformDistribution                                         	vfx-driver-graph              	2026-07-28	pending  	-
0b248040	UvAnimation                                                 	vfx-driver-graph              	2026-07-28	pending  	-
26188390	Vector2                                                     	vfx-driver-graph              	2026-07-28	pending  	-
e7302df4	Vector2Input                                                	vfx-driver-graph              	2026-07-28	pending  	-
27188523	Vector3                                                     	vfx-driver-graph              	2026-07-28	pending  	-
49376201	Vector3Input                                                	vfx-driver-graph              	2026-07-28	pending  	-
ba5a69aa	Vector3Property                                             	vfx-driver-graph              	2026-07-28	pending  	-
2c188d02	Vector4                                                     	vfx-driver-graph              	2026-07-28	pending  	-
bb2a70a6	Vector4Input                                                	vfx-driver-graph              	2026-07-28	pending  	-
c050e5f7	Vector4Property                                             	vfx-driver-graph              	2026-07-28	pending  	-
ad790f5d	VelocityThreshold                                           	vfx-driver-graph              	2026-07-28	pending  	-
f20c3f36	W                                                           	vfx-driver-graph              	2026-07-28	pending  	-
51e9b98e	WadDependencies                                             	vfx-driver-graph              	2026-07-28	pending  	-
a99b42a4	WorldVelocity                                               	vfx-driver-graph              	2026-07-28	pending  	-
fd0c5087	X                                                           	vfx-driver-graph              	2026-07-28	pending  	-
fc0c4ef4	Y                                                           	vfx-driver-graph              	2026-07-28	pending  	-
ff0c53ad	Z                                                           	vfx-driver-graph              	2026-07-28	pending  	-
5a68002e	Zw                                                          	vfx-driver-graph              	2026-07-28	pending  	-
ed892164	GameplayTexture                                             	gameplay-texture              	2026-07-29	pending  	-
bc3b7fdc	ShaderParameterOverrides                                    	gameplay-texture              	2026-07-29	pending  	-
82fbf5cd	Blue                                                        	light-regions                 	2026-07-29	pending  	-
580b328e	CharacterProbeIndex                                         	light-regions                 	2026-07-29	pending  	-
98cc7895	CharacterSunLightColor                                      	light-regions                 	2026-07-29	pending  	-
35a14c57	CharacterSunLightDirection                                  	light-regions                 	2026-07-29	pending  	-
749b3695	DepthFogMaxIntensity                                        	light-regions                 	2026-07-29	pending  	-
011decbc	Green                                                       	light-regions                 	2026-07-29	pending  	-
7a8d755d	HeightFogMaxIntensity                                       	light-regions                 	2026-07-29	pending  	-
40f480dc	Red                                                         	light-regions                 	2026-07-29	pending  	-
4a6489aa	SunLightColor                                               	light-regions                 	2026-07-29	pending  	-
9fb31fc2	DefaultRenderData                                           	light-regions-unproven        	2026-07-29	pending  	-
f8242c07	LightChannels                                               	light-regions-unproven        	2026-07-29	pending  	-
1a1e3919	PriorityOverride                                            	light-regions-unproven        	2026-07-29	pending  	-
ece16964	TextureRenderDataList                                       	light-regions-unproven        	2026-07-29	pending  	-
ce8f4190	MapSSAORenderer                                             	map-graphics-unproven         	2026-07-29	pending  	-
8536b021	RenderTargetSize                                            	map-graphics-unproven         	2026-07-29	pending  	-
6e4ce585	LodQualities                                                	map-quality-lod               	2026-07-29	pending  	-
55c8f448	CharacterDefines                                            	map-shader-defines            	2026-07-29	pending  	-
58389612	EnvironmentDefines                                          	map-shader-defines            	2026-07-29	pending  	-
1dc03d0d	ParticleDefines                                             	map-shader-defines            	2026-07-29	pending  	-
5b0d842a	PostEffectDefines                                           	map-shader-defines            	2026-07-29	pending  	-
7be73b55	AbilityDescription                                          	meta-delta-16.14              	2026-07-29	pending  	-
4680aae9	AbilityInfo                                                 	meta-delta-16.14              	2026-07-29	pending  	-
95037aaa	BindingInstances                                            	meta-delta-16.14              	2026-07-29	pending  	-
35a4393b	BoxSize                                                     	meta-delta-16.14              	2026-07-29	pending  	-
99380614	Curve                                                       	meta-delta-16.14              	2026-07-29	pending  	-
3965005a	DampingEnd                                                  	meta-delta-16.14              	2026-07-29	pending  	-
9ccb16cf	DampingStart                                                	meta-delta-16.14              	2026-07-29	pending  	-
0e80eddb	FillMode                                                    	meta-delta-16.14              	2026-07-29	pending  	-
7c9bcfd5	InterpModes                                                 	meta-delta-16.14              	2026-07-29	pending  	-
ac1dcf05	JointRadius                                                 	meta-delta-16.14              	2026-07-29	pending  	-
8d6db3ea	JointRadiusEnd                                              	meta-delta-16.14              	2026-07-29	pending  	-
4c1ddc1f	JointRadiusStart                                            	meta-delta-16.14              	2026-07-29	pending  	-
276c3fc7	LeashShape                                                  	meta-delta-16.14              	2026-07-29	pending  	-
cfd1d6cf	LimitAngle                                                  	meta-delta-16.14              	2026-07-29	pending  	-
b519cb5c	LimitAngleEnd                                               	meta-delta-16.14              	2026-07-29	pending  	-
65887d65	LimitAngleStart                                             	meta-delta-16.14              	2026-07-29	pending  	-
cda5dc7f	PortraitMaterial                                            	meta-delta-16.14              	2026-07-29	pending  	-
9e0306ba	PortraitOverlay                                             	meta-delta-16.14              	2026-07-29	pending  	-
834f3ed8	SourceVariable                                              	meta-delta-16.14              	2026-07-29	pending  	-
6962a32b	StiffnessEnd                                                	meta-delta-16.14              	2026-07-29	pending  	-
cf47a91e	StiffnessStart                                              	meta-delta-16.14              	2026-07-29	pending  	-
d32ade2a	Stretch                                                     	meta-delta-16.14              	2026-07-29	pending  	-
5b921cd7	StretchEnd                                                  	meta-delta-16.14              	2026-07-29	pending  	-
0b633052	StretchStart                                                	meta-delta-16.14              	2026-07-29	pending  	-
1eb28c44	StrikeThrough                                               	meta-delta-16.14              	2026-07-29	pending  	-
0c71253f	UseCurve                                                    	meta-delta-16.14              	2026-07-29	pending  	-
7d425097	VariableDefaults                                            	meta-delta-16.14              	2026-07-29	pending  	-
2de6fb1a	CollisionForce                                              	meta-delta-16.14-unproven     	2026-07-29	pending  	-
c895f7ad	ActiveVfx                                                   	semantic-pass-family          	2026-08-04	pending  	-
6b71243c	AnimationTime                                               	semantic-pass-family          	2026-08-04	pending  	-
bb59b99c	ArenaButton                                                 	semantic-pass-family          	2026-08-04	pending  	-
05e940ec	AugmentRegion                                               	semantic-pass-family          	2026-08-04	pending  	-
81f43042	AugmentReroll                                               	semantic-pass-family          	2026-08-04	pending  	-
49e47ecd	BaseSource                                                  	semantic-pass-family          	2026-08-04	pending  	-
03698d8a	BonusGold                                                   	semantic-pass-family          	2026-08-04	pending  	-
499b7d73	ButtonVfx                                                   	semantic-pass-family          	2026-08-04	pending  	-
3de6ce2d	CalculationKey                                              	semantic-pass-family          	2026-08-04	pending  	-
9094c397	CardAnimation                                               	semantic-pass-family          	2026-08-04	pending  	-
631a990f	CardButton                                                  	semantic-pass-family          	2026-08-04	pending  	-
1b577ba5	ChampionScores                                              	semantic-pass-family          	2026-08-04	pending  	-
ddf728ec	CheckboxButton                                              	semantic-pass-family          	2026-08-04	pending  	-
8d7928e4	CollectionId                                                	semantic-pass-family          	2026-08-04	pending  	-
1ccf05c7	CountThreshold                                              	semantic-pass-family          	2026-08-04	pending  	-
89ad2288	CursorMode                                                  	semantic-pass-family          	2026-08-04	pending  	-
8a6f9936	DefaultColors                                               	semantic-pass-family          	2026-08-04	pending  	-
ae6404bb	DisplayTemplate                                             	semantic-pass-family          	2026-08-04	pending  	-
4c7baf5e	DividerElement                                              	semantic-pass-family          	2026-08-04	pending  	-
260c7a67	DragonCamp                                                  	semantic-pass-family          	2026-08-04	pending  	-
7168974e	DynamicLighting                                             	semantic-pass-family          	2026-08-04	pending  	-
38f08bb4	ElementName                                                 	semantic-pass-family          	2026-08-04	pending  	-
2808fffd	EmissionSurface                                             	semantic-pass-family          	2026-08-04	pending  	-
fee040bc	EntityTemplate                                              	semantic-pass-family          	2026-08-04	pending  	-
c7104241	EntryTemplate                                               	semantic-pass-family          	2026-08-04	pending  	-
3d6d8631	ErrorBackground                                             	semantic-pass-family          	2026-08-04	pending  	-
26546c1d	EventsView                                                  	semantic-pass-family          	2026-08-04	pending  	-
11f48e4f	FirstEntry                                                  	semantic-pass-family          	2026-08-04	pending  	-
5089a721	GridData                                                    	semantic-pass-family          	2026-08-04	pending  	-
152930ca	HotkeyGroup                                                 	semantic-pass-family          	2026-08-04	pending  	-
a60fc46e	IconBorder                                                  	semantic-pass-family          	2026-08-04	pending  	-
87d3fa93	IconGroup                                                   	semantic-pass-family          	2026-08-04	pending  	-
7d661894	InactiveVfx                                                 	semantic-pass-family          	2026-08-04	pending  	-
f11dede3	InputData                                                   	semantic-pass-family          	2026-08-04	pending  	-
d3c84ef7	ItemConstants                                               	semantic-pass-family          	2026-08-04	pending  	-
5559c93f	JungleTooltip                                               	semantic-pass-family          	2026-08-04	pending  	-
0bc0f0c0	KillingSpree                                                	semantic-pass-family          	2026-08-04	pending  	-
297edc7e	LevelFrame                                                  	semantic-pass-family          	2026-08-04	pending  	-
ccd0de98	LongName                                                    	semantic-pass-family          	2026-08-04	pending  	-
6a8398d3	LoopAnimation                                               	semantic-pass-family          	2026-08-04	pending  	-
a3eee9db	MainScript                                                  	semantic-pass-family          	2026-08-04	pending  	-
a42ce6b4	MaxTimeout                                                  	semantic-pass-family          	2026-08-04	pending  	-
941786d4	MeshHelper                                                  	semantic-pass-family          	2026-08-04	pending  	-
fd301d67	MinLevel                                                    	semantic-pass-family          	2026-08-04	pending  	-
9c5ad4fd	ModalName                                                   	semantic-pass-family          	2026-08-04	pending  	-
bb63fa00	ModeRate                                                    	semantic-pass-family          	2026-08-04	pending  	-
4d2485d3	ModifierName                                                	semantic-pass-family          	2026-08-04	pending  	-
f835b5a4	ModifiersSource                                             	semantic-pass-family          	2026-08-04	pending  	-
baee8b38	OnEvent                                                     	semantic-pass-family          	2026-08-04	pending  	-
401f7351	OptionsButton                                               	semantic-pass-family          	2026-08-04	pending  	-
23908b24	ParentGroup                                                 	semantic-pass-family          	2026-08-04	pending  	-
a1fce550	PassType                                                    	semantic-pass-family          	2026-08-04	pending  	-
d9ccf5cb	PickMode                                                    	semantic-pass-family          	2026-08-04	pending  	-
666a9553	PipIcon                                                     	semantic-pass-family          	2026-08-04	pending  	-
55bb9b57	PortraitId                                                  	semantic-pass-family          	2026-08-04	pending  	-
8f413bda	PriceData                                                   	semantic-pass-family          	2026-08-04	pending  	-
54ff80d3	PrimaryEvent                                                	semantic-pass-family          	2026-08-04	pending  	-
66bcd454	ProviderType                                                	semantic-pass-family          	2026-08-04	pending  	-
3ed971bd	QuestData                                                   	semantic-pass-family          	2026-08-04	pending  	-
a7f23864	QuestGroup                                                  	semantic-pass-family          	2026-08-04	pending  	-
06b06978	QuestIcon                                                   	semantic-pass-family          	2026-08-04	pending  	-
d0271699	QuestList                                                   	semantic-pass-family          	2026-08-04	pending  	-
2340a395	RegionLocator                                               	semantic-pass-family          	2026-08-04	pending  	-
e2ba931c	RegionLocatorGroup                                          	semantic-pass-family          	2026-08-04	pending  	-
d9535e33	RequiredMode                                                	semantic-pass-family          	2026-08-04	pending  	-
507c22b2	RowGroup                                                    	semantic-pass-family          	2026-08-04	pending  	-
f5a853e9	RowTemplate                                                 	semantic-pass-family          	2026-08-04	pending  	-
098f86e0	RowsList                                                    	semantic-pass-family          	2026-08-04	pending  	-
6cfac45e	ScenarioIcon                                                	semantic-pass-family          	2026-08-04	pending  	-
8fd0b34f	SceneBackground                                             	semantic-pass-family          	2026-08-04	pending  	-
8780886a	SceneLeft                                                   	semantic-pass-family          	2026-08-04	pending  	-
07c3bb37	SceneRight                                                  	semantic-pass-family          	2026-08-04	pending  	-
e07619ca	ScreenName                                                  	semantic-pass-family          	2026-08-04	pending  	-
2d1c95ed	ScriptCallback                                              	semantic-pass-family          	2026-08-04	pending  	-
d2d047f1	ScrollSettings                                              	semantic-pass-family          	2026-08-04	pending  	-
a3a16c61	SelectionButton                                             	semantic-pass-family          	2026-08-04	pending  	-
fa976a70	SequencerStateMachine                                       	semantic-pass-family          	2026-08-04	pending  	-
39781626	SliderTemplate                                              	semantic-pass-family          	2026-08-04	pending  	-
4f286457	SourceVector                                                	semantic-pass-family          	2026-08-04	pending  	-
423b6dcd	StageData                                                   	semantic-pass-family          	2026-08-04	pending  	-
dfadfc6b	StandardGroup                                               	semantic-pass-family          	2026-08-04	pending  	-
3d4f04d8	TagName                                                     	semantic-pass-family          	2026-08-04	pending  	-
37af4aa7	TargetVector                                                	semantic-pass-family          	2026-08-04	pending  	-
69602260	TeamColors                                                  	semantic-pass-family          	2026-08-04	pending  	-
8cb9c019	TeamCondition                                               	semantic-pass-family          	2026-08-04	pending  	-
848de224	TeamScene                                                   	semantic-pass-family          	2026-08-04	pending  	-
a0e9b9b4	TextBackdrop                                                	semantic-pass-family          	2026-08-04	pending  	-
309878ad	TextureSize                                                 	semantic-pass-family          	2026-08-04	pending  	-
783d09c9	TftPassId                                                   	semantic-pass-family          	2026-08-04	pending  	-
536e2c9d	TitleButton                                                 	semantic-pass-family          	2026-08-04	pending  	-
ebd43853	TooltipGroup                                                	semantic-pass-family          	2026-08-04	pending  	-
5e671471	TooltipIcon                                                 	semantic-pass-family          	2026-08-04	pending  	-
e4692e47	TopTooltip                                                  	semantic-pass-family          	2026-08-04	pending  	-
8283d47c	TrackerText                                                 	semantic-pass-family          	2026-08-04	pending  	-
ad22c790	TransitionAnimation                                         	semantic-pass-family          	2026-08-04	pending  	-
1b190e3b	TriggerType                                                 	semantic-pass-family          	2026-08-04	pending  	-
bd69e44b	UnitLogic                                                   	semantic-pass-family          	2026-08-04	pending  	-
5f90a439	UpdaterName                                                 	semantic-pass-family          	2026-08-04	pending  	-
6a5b6251	ValueTooltip                                                	semantic-pass-family          	2026-08-04	pending  	-
55f100ce	VfxIcon                                                     	semantic-pass-family          	2026-08-04	pending  	-
0fb17eff	VideoGroup                                                  	semantic-pass-family          	2026-08-04	pending  	-
83fa5f0d	ZoomFov                                                     	semantic-pass-family          	2026-08-04	pending  	-
01ba2bd1	AbilityResource                                             	semantic-pass-structural      	2026-08-04	pending  	-
1a0d8988	BackgroundViewController                                    	semantic-pass-structural      	2026-08-04	pending  	-
e506fa64	Billboard                                                   	semantic-pass-structural      	2026-08-04	pending  	-
058c4484	Center                                                      	semantic-pass-structural      	2026-08-04	pending  	-
bb2fa3e3	ChainProperties                                             	semantic-pass-structural      	2026-08-04	pending  	-
792f614a	ChampionKill                                                	semantic-pass-structural      	2026-08-04	pending  	-
04e0e6cd	ChampionSpecList                                            	semantic-pass-structural      	2026-08-04	pending  	-
8ef4ba18	CharacterType                                               	semantic-pass-structural      	2026-08-04	pending  	-
7fad8491	Collection                                                  	semantic-pass-structural      	2026-08-04	pending  	-
419458b7	Colorblind                                                  	semantic-pass-structural      	2026-08-04	pending  	-
2cc0bcea	ComponentTemplate                                           	semantic-pass-structural      	2026-08-04	pending  	-
8daff178	Container                                                   	semantic-pass-structural      	2026-08-04	pending  	-
8c87107c	Context                                                     	semantic-pass-structural      	2026-08-04	pending  	-
a2a45218	CooldownDuration                                            	semantic-pass-structural      	2026-08-04	pending  	-
a85a5746	CurrencyType                                                	semantic-pass-structural      	2026-08-04	pending  	-
2057306e	Custom                                                      	semantic-pass-structural      	2026-08-04	pending  	-
72c5c2a8	DamageType                                                  	semantic-pass-structural      	2026-08-04	pending  	-
6b017c21	Delta                                                       	semantic-pass-structural      	2026-08-04	pending  	-
ef3b793d	DisplayType                                                 	semantic-pass-structural      	2026-08-04	pending  	-
516fe283	DragonKills                                                 	semantic-pass-structural      	2026-08-04	pending  	-
6452f87a	ElementId                                                   	semantic-pass-structural      	2026-08-04	pending  	-
af8bb8ce	Enable                                                      	semantic-pass-structural      	2026-08-04	pending  	-
3fee2bfa	Environment                                                 	semantic-pass-structural      	2026-08-04	pending  	-
fe30d09f	Event                                                       	semantic-pass-structural      	2026-08-04	pending  	-
7632a5e7	EventType                                                   	semantic-pass-structural      	2026-08-04	pending  	-
aaea5743	File                                                        	semantic-pass-structural      	2026-08-04	pending  	-
e1bc2b5b	FirstBlood                                                  	semantic-pass-structural      	2026-08-04	pending  	-
7afcb694	GameEnd                                                     	semantic-pass-structural      	2026-08-04	pending  	-
af4d582d	GameStart                                                   	semantic-pass-structural      	2026-08-04	pending  	-
5e0b3bdf	GameType                                                    	semantic-pass-structural      	2026-08-04	pending  	-
8557faf0	GoldValue                                                   	semantic-pass-structural      	2026-08-04	pending  	-
53703081	GroupID                                                     	semantic-pass-structural      	2026-08-04	pending  	-
5ed62070	GroupInfo                                                   	semantic-pass-structural      	2026-08-04	pending  	-
edbf0fe3	Has                                                         	semantic-pass-structural      	2026-08-04	pending  	-
0b86d992	Instance                                                    	semantic-pass-structural      	2026-08-04	pending  	-
129ae887	InventoryType                                               	semantic-pass-structural      	2026-08-04	pending  	-
2095e8b2	Killer                                                      	semantic-pass-structural      	2026-08-04	pending  	-
0cfb5881	List                                                        	semantic-pass-structural      	2026-08-04	pending  	-
eaebcf6e	MinSize                                                     	semantic-pass-structural      	2026-08-04	pending  	-
58b46aae	ModifierDriver                                              	semantic-pass-structural      	2026-08-04	pending  	-
58a1d8fb	Networking                                                  	semantic-pass-structural      	2026-08-04	pending  	-
49c5d8f9	Optional                                                    	semantic-pass-structural      	2026-08-04	pending  	-
82e3e93e	OverrideName                                                	semantic-pass-structural      	2026-08-04	pending  	-
55b10110	Parameter                                                   	semantic-pass-structural      	2026-08-04	pending  	-
2a4a32b2	Platform                                                    	semantic-pass-structural      	2026-08-04	pending  	-
df99dc9d	PositionOffset                                              	semantic-pass-structural      	2026-08-04	pending  	-
cb084e46	Progress                                                    	semantic-pass-structural      	2026-08-04	pending  	-
18ba7a52	ProgressTracks                                              	semantic-pass-structural      	2026-08-04	pending  	-
b7c0bbbc	Provider                                                    	semantic-pass-structural      	2026-08-04	pending  	-
09d0cf3d	Quest                                                       	semantic-pass-structural      	2026-08-04	pending  	-
9f77283f	Respawn                                                     	semantic-pass-structural      	2026-08-04	pending  	-
1ba79c9a	RewardType                                                  	semantic-pass-structural      	2026-08-04	pending  	-
edb15a2f	Scenario                                                    	semantic-pass-structural      	2026-08-04	pending  	-
f8f165ee	Sequencer                                                   	semantic-pass-structural      	2026-08-04	pending  	-
81189bab	SetData                                                     	semantic-pass-structural      	2026-08-04	pending  	-
3a942548	SetName                                                     	semantic-pass-structural      	2026-08-04	pending  	-
d01ec7fc	Sfx                                                         	semantic-pass-structural      	2026-08-04	pending  	-
c8d3a9fe	Spacing                                                     	semantic-pass-structural      	2026-08-04	pending  	-
2370e859	Starting                                                    	semantic-pass-structural      	2026-08-04	pending  	-
d33b3297	Stat                                                        	semantic-pass-structural      	2026-08-04	pending  	-
8252a6f2	TagColor                                                    	semantic-pass-structural      	2026-08-04	pending  	-
28d65053	TeamColor                                                   	semantic-pass-structural      	2026-08-04	pending  	-
140c8eed	Teams                                                       	semantic-pass-structural      	2026-08-04	pending  	-
0264d70c	TitleColor                                                  	semantic-pass-structural      	2026-08-04	pending  	-
55a243d9	TitleData                                                   	semantic-pass-structural      	2026-08-04	pending  	-
3696d198	TooltipData                                                 	semantic-pass-structural      	2026-08-04	pending  	-
36f6ab37	TrackName                                                   	semantic-pass-structural      	2026-08-04	pending  	-
a62782e2	Transition                                                  	semantic-pass-structural      	2026-08-04	pending  	-
19a9984e	TypeName                                                    	semantic-pass-structural      	2026-08-04	pending  	-
29ab62c2	Variables                                                   	semantic-pass-structural      	2026-08-04	pending  	-
cef90b6c	Video                                                       	semantic-pass-structural      	2026-08-04	pending  	-
7f37f5e5	Visibility                                                  	semantic-pass-structural      	2026-08-04	pending  	-
deb1ff88	WDriver                                                     	semantic-pass-structural      	2026-08-04	pending  	-
0527728d	XDriver                                                     	semantic-pass-structural      	2026-08-04	pending  	-
83b2728a	YDriver                                                     	semantic-pass-structural      	2026-08-04	pending  	-
ada68537	ZDriver                                                     	semantic-pass-structural      	2026-08-04	pending  	-
adbdac5e	AngularVelocity                                             	data-section-strings          	2026-08-05	pending  	-
a0bf18a1	Ascending                                                   	data-section-strings          	2026-08-05	pending  	-
42e3afec	AssetPath                                                   	data-section-strings          	2026-08-05	pending  	-
175eb228	Average                                                     	data-section-strings          	2026-08-05	pending  	-
1b1cc8c3	Bindings                                                    	data-section-strings          	2026-08-05	pending  	-
87ac0600	CanvasSize                                                  	data-section-strings          	2026-08-05	pending  	-
09f298df	ChannelName                                                 	data-section-strings          	2026-08-05	pending  	-
8ab31a3c	Columns                                                     	data-section-strings          	2026-08-05	pending  	-
8776327e	CounterDefinition                                           	data-section-strings          	2026-08-05	pending  	-
cf15afeb	Expression                                                  	data-section-strings          	2026-08-05	pending  	-
75000be4	FilePath                                                    	data-section-strings          	2026-08-05	pending  	-
a51be2bb	Friction                                                    	data-section-strings          	2026-08-05	pending  	-
3ed21981	IsValid                                                     	data-section-strings          	2026-08-05	pending  	-
7db9ab0b	ItemModifier                                                	data-section-strings          	2026-08-05	pending  	-
5ca5224c	KeywordData                                                 	data-section-strings          	2026-08-05	pending  	-
297c5518	MilestoneDefinition                                         	data-section-strings          	2026-08-05	pending  	-
e20b540b	MusicTrack                                                  	data-section-strings          	2026-08-05	pending  	-
873d0129	Pattern                                                     	data-section-strings          	2026-08-05	pending  	-
b8af4624	RotationOffset                                              	data-section-strings          	2026-08-05	pending  	-
7c680834	UiElementGroup                                              	data-section-strings          	2026-08-05	pending  	-
e3635366	UiElementParticleSystem                                     	data-section-strings          	2026-08-05	pending  	-
a87cd8f8	AbilityHasteMod                                             	exe-strings                   	2026-08-05	pending  	-
6049cd42	ActivationTimeMillis                                        	exe-strings                   	2026-08-05	pending  	-
0caccb87	Assists                                                     	exe-strings                   	2026-08-05	pending  	-
2092043f	AttackableUnit                                              	exe-strings                   	2026-08-05	pending  	-
19cc6053	BaronKill                                                   	exe-strings                   	2026-08-05	pending  	-
bcbb5260	BaronKills                                                  	exe-strings                   	2026-08-05	pending  	-
d1ed70fe	Barracks                                                    	exe-strings                   	2026-08-05	pending  	-
6b2bc713	BotDifficulty                                               	exe-strings                   	2026-08-05	pending  	-
4d4a2c20	BundleId                                                    	exe-strings                   	2026-08-05	pending  	-
44b0348d	CameraOffsetScale                                           	exe-strings                   	2026-08-05	pending  	-
536c1dd1	CatalogEntryId                                              	exe-strings                   	2026-08-05	pending  	-
d94acbb2	Cells                                                       	exe-strings                   	2026-08-05	pending  	-
fbe86875	Channels                                                    	exe-strings                   	2026-08-05	pending  	-
89f075a1	CharacterQuality                                            	exe-strings                   	2026-08-05	pending  	-
a586608d	ConicRangeIndicator                                         	exe-strings                   	2026-08-05	pending  	-
f3cf7575	CountersBehaveLikeStacks                                    	exe-strings                   	2026-08-05	pending  	-
358bf609	DamageDealtToChampions                                      	exe-strings                   	2026-08-05	pending  	-
33534b67	DamageTaken                                                 	exe-strings                   	2026-08-05	pending  	-
abb44364	Datacenter                                                  	exe-strings                   	2026-08-05	pending  	-
57e0eb89	DeactivationTimeMillis                                      	exe-strings                   	2026-08-05	pending  	-
c556b516	Deltas                                                      	exe-strings                   	2026-08-05	pending  	-
2dbcf122	DragonKill                                                  	exe-strings                   	2026-08-05	pending  	-
e4124e46	EffectsQuality                                              	exe-strings                   	2026-08-05	pending  	-
90e39fce	Eligibility                                                 	exe-strings                   	2026-08-05	pending  	-
fa10a755	Envelope                                                    	exe-strings                   	2026-08-05	pending  	-
896a96a7	EnvironmentQuality                                          	exe-strings                   	2026-08-05	pending  	-
1b2d687d	Faces                                                       	exe-strings                   	2026-08-05	pending  	-
091719e5	FacetId                                                     	exe-strings                   	2026-08-05	pending  	-
332a7c6d	FacetTypeId                                                 	exe-strings                   	2026-08-05	pending  	-
ce697851	Facets                                                      	exe-strings                   	2026-08-05	pending  	-
029402af	Fast                                                        	exe-strings                   	2026-08-05	pending  	-
2b3d5f5f	FlatArmorMod                                                	exe-strings                   	2026-08-05	pending  	-
4b265182	FlatArmorPenetrationMod                                     	exe-strings                   	2026-08-05	pending  	-
52142f01	FlatAttackRangeMod                                          	exe-strings                   	2026-08-05	pending  	-
0e244f16	FlatBubbleRadiusMod                                         	exe-strings                   	2026-08-05	pending  	-
784cb2ca	FlatCastRangeMod                                            	exe-strings                   	2026-08-05	pending  	-
32206719	FlatCooldownMod                                             	exe-strings                   	2026-08-05	pending  	-
63f28f92	FlatCritChanceMod                                           	exe-strings                   	2026-08-05	pending  	-
28af8b71	FlatCritDamageMod                                           	exe-strings                   	2026-08-05	pending  	-
b90ba8c4	FlatHpPoolMod                                               	exe-strings                   	2026-08-05	pending  	-
3e424c69	FlatHpRegenMod                                              	exe-strings                   	2026-08-05	pending  	-
57c6b110	FlatMagicDamageMod                                          	exe-strings                   	2026-08-05	pending  	-
04a84972	FlatMagicPenetrationMod                                     	exe-strings                   	2026-08-05	pending  	-
a7d35776	FlatMagicReduction                                          	exe-strings                   	2026-08-05	pending  	-
95231d8e	FlatMissChanceMod                                           	exe-strings                   	2026-08-05	pending  	-
d41d1aba	FlatMovementSpeedMod                                        	exe-strings                   	2026-08-05	pending  	-
bb80885a	FlatPhysicalDamageMod                                       	exe-strings                   	2026-08-05	pending  	-
b4ca9c18	FlatPhysicalReduction                                       	exe-strings                   	2026-08-05	pending  	-
f0383e4b	FlatSpellBlockMod                                           	exe-strings                   	2026-08-05	pending  	-
51c7ac80	FontFamily                                                  	exe-strings                   	2026-08-05	pending  	-
ed4469b5	FontStyle                                                   	exe-strings                   	2026-08-05	pending  	-
2bf77ed0	FontWeight                                                  	exe-strings                   	2026-08-05	pending  	-
ed584814	GameClientVersion                                           	exe-strings                   	2026-08-05	pending  	-
87d000ca	GameId                                                      	exe-strings                   	2026-08-05	pending  	-
0ecb2d58	GameTypeConfigId                                            	exe-strings                   	2026-08-05	pending  	-
166f6876	Goal                                                        	exe-strings                   	2026-08-05	pending  	-
707c2c57	HasLevelPurchasing                                          	exe-strings                   	2026-08-05	pending  	-
3e6bd56c	HostName                                                    	exe-strings                   	2026-08-05	pending  	-
54f474ac	IncreaseBy                                                  	exe-strings                   	2026-08-05	pending  	-
2c36fecc	IpAddress                                                   	exe-strings                   	2026-08-05	pending  	-
95329f52	JourneyTrack                                                	exe-strings                   	2026-08-05	pending  	-
2a95f870	Killed                                                      	exe-strings                   	2026-08-05	pending  	-
cf7f6e66	Maps                                                        	exe-strings                   	2026-08-05	pending  	-
9240af8c	MaxQuantity                                                 	exe-strings                   	2026-08-05	pending  	-
66225340	Metadata                                                    	exe-strings                   	2026-08-05	pending  	-
dd3fe563	MinimapCircularRangeIndicator                               	exe-strings                   	2026-08-05	pending  	-
63d12350	MouseWheelEnabled                                           	exe-strings                   	2026-08-05	pending  	-
5f832b26	MultiKill                                                   	exe-strings                   	2026-08-05	pending  	-
cace7aa0	NameSpace                                                   	exe-strings                   	2026-08-05	pending  	-
1ba4e4a5	ObjectiveId                                                 	exe-strings                   	2026-08-05	pending  	-
473fec75	OffsetEdgePanSpeed                                          	exe-strings                   	2026-08-05	pending  	-
a24aa31f	PercentArmorMod                                             	exe-strings                   	2026-08-05	pending  	-
61dcb042	PercentArmorPenetrationMod                                  	exe-strings                   	2026-08-05	pending  	-
b56715c1	PercentAttackRangeMod                                       	exe-strings                   	2026-08-05	pending  	-
86605da7	PercentAttackSpeedMod                                       	exe-strings                   	2026-08-05	pending  	-
2d24f8e0	PercentBaseHpRegenMod                                       	exe-strings                   	2026-08-05	pending  	-
87468807	PercentBonusArmorPenetrationMod                             	exe-strings                   	2026-08-05	pending  	-
0186eb1f	PercentBonusMagicPenetrationMod                             	exe-strings                   	2026-08-05	pending  	-
adcf90d6	PercentBubbleRadiusMod                                      	exe-strings                   	2026-08-05	pending  	-
aa3cdc8a	PercentCastRangeMod                                         	exe-strings                   	2026-08-05	pending  	-
a3db42d9	PercentCooldownMod                                          	exe-strings                   	2026-08-05	pending  	-
f0227c31	PercentCritDamageMod                                        	exe-strings                   	2026-08-05	pending  	-
a77b3edc	PercentExpBonus                                             	exe-strings                   	2026-08-05	pending  	-
d41a3cf4	PercentHealingAmountMod                                     	exe-strings                   	2026-08-05	pending  	-
45e94684	PercentHpPoolMod                                            	exe-strings                   	2026-08-05	pending  	-
586f2029	PercentHpRegenMod                                           	exe-strings                   	2026-08-05	pending  	-
dcb2dc69	PercentLifeStealMod                                         	exe-strings                   	2026-08-05	pending  	-
4e57b4d0	PercentMagicDamageMod                                       	exe-strings                   	2026-08-05	pending  	-
785dee32	PercentMagicPenetrationMod                                  	exe-strings                   	2026-08-05	pending  	-
72849a36	PercentMagicReduction                                       	exe-strings                   	2026-08-05	pending  	-
610b757a	PercentMovementSpeedMod                                     	exe-strings                   	2026-08-05	pending  	-
4cfdc319	PercentMultiplicativeAttackSpeedMod                         	exe-strings                   	2026-08-05	pending  	-
8ab82da8	PercentMultiplicativeMovementSpeedMod                       	exe-strings                   	2026-08-05	pending  	-
de677d1a	PercentPhysicalDamageMod                                    	exe-strings                   	2026-08-05	pending  	-
04d30dd8	PercentPhysicalReduction                                    	exe-strings                   	2026-08-05	pending  	-
c0339c8f	PercentSlowResistMod                                        	exe-strings                   	2026-08-05	pending  	-
2bc3b80b	PercentSpellBlockMod                                        	exe-strings                   	2026-08-05	pending  	-
0319bdba	PercentSpellEffectivenessMod                                	exe-strings                   	2026-08-05	pending  	-
1a49e6bc	PercentSpellVampMod                                         	exe-strings                   	2026-08-05	pending  	-
c5e2a3e4	PercentTenacityItemMod                                      	exe-strings                   	2026-08-05	pending  	-
c402fafa	PlayerDisconnect                                            	exe-strings                   	2026-08-05	pending  	-
8b5831bd	PlayerReconnect                                             	exe-strings                   	2026-08-05	pending  	-
c6585a26	PlaystyleCrowdControl                                       	exe-strings                   	2026-08-05	pending  	-
28f8756b	PlaystyleDurability                                         	exe-strings                   	2026-08-05	pending  	-
aa74f19a	PointAndClick                                               	exe-strings                   	2026-08-05	pending  	-
8fa6f4d0	Pools                                                       	exe-strings                   	2026-08-05	pending  	-
1367a6dd	Providers                                                   	exe-strings                   	2026-08-05	pending  	-
131ebad4	Puuid                                                       	exe-strings                   	2026-08-05	pending  	-
bc1b3d88	QuestId                                                     	exe-strings                   	2026-08-05	pending  	-
99c2bfa6	Ranked                                                      	exe-strings                   	2026-08-05	pending  	-
d4f8a53b	RepeatTriggers                                              	exe-strings                   	2026-08-05	pending  	-
22fafd5f	RequiresClaim                                               	exe-strings                   	2026-08-05	pending  	-
9e618338	RimOffset                                                   	exe-strings                   	2026-08-05	pending  	-
9ce1222b	ScaleX                                                      	exe-strings                   	2026-08-05	pending  	-
527d0336	Schema                                                      	exe-strings                   	2026-08-05	pending  	-
4daf6896	Scripting                                                   	exe-strings                   	2026-08-05	pending  	-
4408e6c2	SelectedTextColor                                           	exe-strings                   	2026-08-05	pending  	-
6f478bcd	SendFullGameState                                           	exe-strings                   	2026-08-05	pending  	-
50c23533	SeriesName                                                  	exe-strings                   	2026-08-05	pending  	-
590f9cd2	ShadowQuality                                               	exe-strings                   	2026-08-05	pending  	-
1996c599	StarLevel                                                   	exe-strings                   	2026-08-05	pending  	-
c29a644e	StartTriggerValue                                           	exe-strings                   	2026-08-05	pending  	-
752ff961	StyleSheet                                                  	exe-strings                   	2026-08-05	pending  	-
891cfe4f	Subject                                                     	exe-strings                   	2026-08-05	pending  	-
8ecb12a5	TacticalDifficulty                                          	exe-strings                   	2026-08-05	pending  	-
638cead9	TacticalStyle                                               	exe-strings                   	2026-08-05	pending  	-
fb9572d0	TftEventPve                                                 	exe-strings                   	2026-08-05	pending  	-
